web-scraper-order,web-scraper-start-url,isi
"1523266842-1240","https://www.tripadvisor.co.id/Attraction_Review-g297710-d4367540-Reviews-or50-Goa_Cina_Beach-Malang_East_Java_Java.html","Pasti layak dikunjungi jika Anda berada di jalan ke pantai di dekatnya. Tempat yang bagus untuk mengambil beberapa foto tetapi tidak baik untuk berenang jika Anda seorang ahli laut perenang. Ombaknya yang liar dan ada banyak arus yang masuk."
"1523266842-1164","https://www.tripadvisor.co.id/Attraction_Review-g297710-d4367540-Reviews-or50-Goa_Cina_Beach-Malang_East_Java_Java.html","Saya rasa untuk pantai goa cina ini bagus untuk rekreasi keluarga, dengan fasilitas yang lumayan lengkap, dan memiliki pantai yang bersih. tepat untuk kamu."
"1523266842-1243","https://www.tripadvisor.co.id/Attraction_Review-g297710-d4367540-Reviews-or50-Goa_Cina_Beach-Malang_East_Java_Java.html","Ini adalah pertama kalinya saya pergi ke pantai dengan motor dan berkendara sendiri. Dan ini pengalaman yang tak terlupakan"
"1523266842-1187","https://www.tripadvisor.co.id/Attraction_Review-g297710-d4367540-Reviews-or50-Goa_Cina_Beach-Malang_East_Java_Java.html","Meskipun ombaknya terbilang cukup besar, dan kita nggak berani renang, tapi tetep pemandangannya luar biasa. Kita juga bisa kalau mau tidur/camp di daerah pantai goa cina."
"1523266842-1107","https://www.tripadvisor.co.id/Attraction_Review-g297710-d4367540-Reviews-or50-Goa_Cina_Beach-Malang_East_Java_Java.html","Pantai Goa China di pesisir selatan yang terletak di Dusun Tumpak Awu, Desa Sitiarjo, Kecamatan Sumbermanjing Wetan, Kabupaten Malang, Jawa Timur. Nama asli pantainya adalah Pantai Rowo Indah, namun karena pernah terjadi peristiwa kematian seorang China yang sedang bertapa di dalam goa yang ada di...Selengkapnya"
"1523266842-1274","https://www.tripadvisor.co.id/Attraction_Review-g297710-d4367540-Reviews-or50-Goa_Cina_Beach-Malang_East_Java_Java.html","pantai yang sempurna, hanya membayar parkir untuk pintu masuk dan pembayaran Rp. 5 .000 (untuk mobil Rp. 7 .000). aku akan pergi kembali jika aku harus mengubah lain."
"1523266842-1269","https://www.tripadvisor.co.id/Attraction_Review-g297710-d4367540-Reviews-or50-Goa_Cina_Beach-Malang_East_Java_Java.html","Sebagai Arema. Saya mengunjungi pantai ini sangat terlambat. Ya, ada mengumbang tentang bintang terkenal berdiri di pantai selatan malang. Aku tidak mengharapkan banyak, tapi ketika saya mengunjungi pantai ini, minggu lalu. Aku cukup puas.
Tidak ada yang wah tetapi itu indah. Beberapa fasilitas seperti mandi...Selengkapnya"
"1523266842-1283","https://www.tripadvisor.co.id/Attraction_Review-g297710-d4367540-Reviews-or50-Goa_Cina_Beach-Malang_East_Java_Java.html","Jika anda memiliki setengah hari ekstra di malang, mengunjungi pantai ini dapat menjadi pilihan yang baik. 2 jam berkendara dari kota malang. Infrastruktur minim dan kami tidak bisa benar-benar berenang di sini, tetapi pasir dan suasana yang cukup menyenangkan."
"1523266842-1069","https://www.tripadvisor.co.id/Attraction_Review-g297710-d4367540-Reviews-or50-Goa_Cina_Beach-Malang_East_Java_Java.html","Perjalanan jauh dari kota malang terbayar penuh pokoknya dengan pemandangan pantai. Saran kalo rame rame mending naik motor, terlalu jauh dari tempat parkir ke pantai misal naik mobil"
"1523266842-1177","https://www.tripadvisor.co.id/Attraction_Review-g297710-d4367540-Reviews-or50-Goa_Cina_Beach-Malang_East_Java_Java.html","Pantai Gua Cina yang terletak di Malang Selatan ini sebenarnya pemandangan alamnya sangat indah, namun sayang, sepertinya pantai ini tidak dikelola dengan baik oleh pemerintah setempat. Sampah masih berceceran dimana-mana sehingga indahnya pasir kecoklatan ini tidak terlihat. Tempat ini juga tidak tersedia tempat sampah yang...Selengkapnya"
"1523266842-1225","https://www.tripadvisor.co.id/Attraction_Review-g297710-d4367540-Reviews-or50-Goa_Cina_Beach-Malang_East_Java_Java.html","pemandangan paling ciamik sore hari. tapi sayang pasir sekitar pantainya banyak batu kecil-kecil sehingga kurang nyaman buat berjalan."
"1523266842-1267","https://www.tripadvisor.co.id/Attraction_Review-g297710-d4367540-Reviews-or50-Goa_Cina_Beach-Malang_East_Java_Java.html","Jangan lupa untuk mengunjungi pantai ini ketika anda berada di malang. Pantai ini di selatan malang berlangsung. Pantai ini sangat ramai di musim liburan. Pantai ini memiliki pandangan yang baik juga."
"1523266842-1117","https://www.tripadvisor.co.id/Attraction_Review-g297710-d4367540-Reviews-or50-Goa_Cina_Beach-Malang_East_Java_Java.html","Pantainya bagus, akses jalannya juga ga susah. Sayangnya agak kotor sampah berserakan padahal uda disediakan tempat sampah. Botol2 plastik bungkus makanan dll dibuang sembarangan."
"1523266842-1244","https://www.tripadvisor.co.id/Attraction_Review-g297710-d4367540-Reviews-or50-Goa_Cina_Beach-Malang_East_Java_Java.html","Sangat bersih pantai dengan sebuah kuil di dekatnya. Ada imitasi - Cina Kuno di beberapa tempat di dekatnya. Namun jika anda datang ke sini untuk menikmati pemandangan, ini adalah salah satu paling bersih air di sekitar Malang.
Masalah yang ada di sini, tetapi adalah bahwa...Selengkapnya"
"1523266842-1170","https://www.tripadvisor.co.id/Attraction_Review-g297710-d4367540-Reviews-or50-Goa_Cina_Beach-Malang_East_Java_Java.html","ombak di pantai ini sangat besar karena pantai laut selatan, cuma uniknya ada sebuah goa yg konon tempat petapaan dari orang jaman dahulu. akses masuk kurang bagus. bila musim hujan berlumpur hati2 mobil bisa terperosok."
"1523266842-1090","https://www.tripadvisor.co.id/Attraction_Review-g297710-d4367540-Reviews-or50-Goa_Cina_Beach-Malang_East_Java_Java.html","Pantai goa cina terletak di malang selatan ,pantai dg hamparan pasir putih yang indah ini menyuguhkan panorama pantai yg eksotis, disana berjajar banyak pantai, utk menuju akses ke lokasi sudah semakin baik jalan nya"
"1523266842-1078","https://www.tripadvisor.co.id/Attraction_Review-g297710-d4367540-Reviews-or50-Goa_Cina_Beach-Malang_East_Java_Java.html","Menyenangkan saat melihat pemandangan disana, hanya kurang fasilitas seperti tempat duduk, spot-spot foto yang menarik seperti tulisan atau berupa hiasan disekitaran pantai. ditengah pantai ada pulau kecil pulau Bantengan, Pulau Goa Cina dan Pulau Nyonya. Udarasegar berpadu dg debur ombak berair biru, bikin fikiran fresh....Selengkapnya"
"1523266842-1219","https://www.tripadvisor.co.id/Attraction_Review-g297710-d4367540-Reviews-or50-Goa_Cina_Beach-Malang_East_Java_Java.html","Pantai ini mempunyai pemandangan indah dengan karang karang yg besar, apabila anda bernyali besar anda bisa memasuki gua yg konon gua tersebut dipakai oleh orang buat bersemedi, coba lah berjalan lebih jauh anda akan menemukan pantai dengan pasir putih dengan karang karang yg indah.."
"1523266842-1132","https://www.tripadvisor.co.id/Attraction_Review-g297710-d4367540-Reviews-or50-Goa_Cina_Beach-Malang_East_Java_Java.html","Pantai yang cantik! Tertata rapi, pinggir pantai bagus untuk foto foto. dan banyak restoran seafood yg menawarkan makanan laut lkp. Utk yg pengen makan indomie hati hati ya krn bbrp kios yg kita datangin stoknya udah ED."
"1523266842-1253","https://www.tripadvisor.co.id/Attraction_Review-g297710-d4367540-Reviews-or50-Goa_Cina_Beach-Malang_East_Java_Java.html","Aku merasa bahwa ini adalah perjalanan untuk pergi ke tempat yang jauh dan sulit didapat. Tapi semua itu layak... karena pemandangannya sangat bagus. Tidak terlalu banyak orang di sini yang belum, tapi sayangnya ada beberapa yang sudah melahirkan. :("
"1523266842-1186","https://www.tripadvisor.co.id/Attraction_Review-g297710-d4367540-Reviews-or50-Goa_Cina_Beach-Malang_East_Java_Java.html","Pemandangan indah, ombak besar, angin kencang, namun banyak sampah di sekitar area pantai. Lokasi sangat terpelosok, sampai tersasar; beruntung menemukan kendaraan wisata yang kebetulan menuju lokasi tersebut. Selain pantai, juga terdapat goa, namun saya tidak berani masuk ke dalamnya..^^v"
"1523266842-1212","https://www.tripadvisor.co.id/Attraction_Review-g297710-d4367540-Reviews-or50-Goa_Cina_Beach-Malang_East_Java_Java.html","Pantai dengan air yang jernih , biru dan blm begitu banyak modifikasi manusia
Bayangkan air laut yang biruuuuu, sangat sejuk di mata, membuat serasa ingin bermain dengan ombak, mandi dan meninkmati kesegaran air laut yang masih jernih"
"1523266842-1087","https://www.tripadvisor.co.id/Attraction_Review-g297710-d4367540-Reviews-or50-Goa_Cina_Beach-Malang_East_Java_Java.html","Keindahan pantainya dengan pasirnya yang putih dan jernihnya air laut membuat kamipun betah berlama2 nyemplung kaki di laut. Sangat bagus buat berfoto apalagi saat cuacanya cerah. Namun Anda tidak bisa berenang di pantai karena dipenuhi dengan coral."
"1523266842-1142","https://www.tripadvisor.co.id/Attraction_Review-g297710-d4367540-Reviews-or50-Goa_Cina_Beach-Malang_East_Java_Java.html","Meski cuaca panas dan perjalan jauh selama 5 jam dari sby, namun senua lelah terbayar oleh keindahan pantai"
"1523266842-1198","https://www.tripadvisor.co.id/Attraction_Review-g297710-d4367540-Reviews-or50-Goa_Cina_Beach-Malang_East_Java_Java.html","Saya sudah empat kali ke pantai goa cina. Pada kunjungan pertama pantainya masih sangat indah, sepi dan tidak kotor oleh sampah sisa makanan, plastik, maupun botol. Pada kunjungan kedua tempat wisata ini mulai populer sehingga pantai sudah mulai bertambah pengujungnya, sudah mulai kotor oleh sampah-sampah...Selengkapnya"
"1523266842-1254","https://www.tripadvisor.co.id/Attraction_Review-g297710-d4367540-Reviews-or50-Goa_Cina_Beach-Malang_East_Java_Java.html","Ini adalah pantai yang sangat indah. Anda dapat menemukan gelombang di pantai selatan. Di pantai ini sangat indah. Tapi saya tidak akan recommendesld untuk berenang. Karena ombak sangat tinggi. Ini adalah masih virgin beach. Anda tidak dapat menemukan guest house atau hotel di daerah ini....Selengkapnya"
"1523266842-1165","https://www.tripadvisor.co.id/Attraction_Review-g297710-d4367540-Reviews-or50-Goa_Cina_Beach-Malang_East_Java_Java.html","Salah satu pantai dengan pasir putih di Malang selatan yang memiliki pemandangan sangat bagus. Namun karena ombak yang cukup besar cukup berbahaya untuk berenang di pantai ini, sehingga perlu sangat hati-hati bila membawa anak kecil berlibur di pantai ini.
Sangat disayangkan pengelolaannya kurang optimal, sampah...Selengkapnya"
"1523266842-1068","https://www.tripadvisor.co.id/Attraction_Review-g297710-d4367540-Reviews-or50-Goa_Cina_Beach-Malang_East_Java_Java.html","Pantai sangat bersih. Kadang sepi namun sekarang sudah sering ramai. Suasana sangat sejuk untuk bersantai bersama pasangan atau keluarga."
"1523266842-1152","https://www.tripadvisor.co.id/Attraction_Review-g297710-d4367540-Reviews-or50-Goa_Cina_Beach-Malang_East_Java_Java.html","Tempatnya terletak di malang selatan.. dgn hamparan pasir putih yang indah.. banyak karang.. hati-hati bila berenang disini"
"1523266842-1155","https://www.tripadvisor.co.id/Attraction_Review-g297710-d4367540-Reviews-or50-Goa_Cina_Beach-Malang_East_Java_Java.html","pantai yang menarik dan alami, ada sisi pantai berpasir putih, dan ada sisi yang berbatu..
namun masih perlu ada perbaikan di sepanjang jalan masuk menuju jalur pinggir pantai dari jalan besar, karena masih belum diaspal sehingga kurang nyaman untuk pengendara sepeda motor ataupun mobil"
"1523266842-1182","https://www.tripadvisor.co.id/Attraction_Review-g297710-d4367540-Reviews-or50-Goa_Cina_Beach-Malang_East_Java_Java.html","pantai goa cina menurut saya adalah salah satu pantai yang cukup indah, bersih , dan cantik .. menempuh perjalanan yang jauh dan melelahkan akan terbayarsetelah sampaii di pantai ini .. airnya yang masih biru dan benar-benar bersih membuat pantai ini terlihat sangat menarik ,, sungguh...Selengkapnya"
"1523266842-1278","https://www.tripadvisor.co.id/Attraction_Review-g297710-d4367540-Reviews-or50-Goa_Cina_Beach-Malang_East_Java_Java.html","Dekat sendang biru beach, sekitar 30 menit untuk mencapai goa Cina beach, pantai yang bagus, tapi gelombang yang cukup besar, jangan berenang di pantai ini. Anda dapat hanya melihat pantai yang indah"
"1523266842-1207","https://www.tripadvisor.co.id/Attraction_Review-g297710-d4367540-Reviews-or50-Goa_Cina_Beach-Malang_East_Java_Java.html","Dari tiga pantai yang saya kunjungi di kota Malang, pantai Goa Cina yang paling ramai pengunjungnya. Sepertinya terkenal di kalangan pemuda pemudi Malang karena pantainya penuuh dengan anak-anak Muda. Sayang di sini juga tidak boleh berenang karena ombaknya yang besar. Hati-hati ya batu karang di...Selengkapnya"
"1523266842-1145","https://www.tripadvisor.co.id/Attraction_Review-g297710-d4367540-Reviews-or50-Goa_Cina_Beach-Malang_East_Java_Java.html","Lokasinya sekitar 2 jam dari kota malang. Lebih baik berangkat malam agar saat matahari terbit sudah berada disana. Pasirnya sangat halus dan ombak yang tidak terlalu tinggi di pagi hari, sehingga saat aman buat bermain air dipinggir pantainya"
"1523266842-1230","https://www.tripadvisor.co.id/Attraction_Review-g297710-d4367540-Reviews-or50-Goa_Cina_Beach-Malang_East_Java_Java.html","Pantai ini menyajikan pemandangan yang indah dan untuk memasuki pantai ini harus melewati jalan kerikil yang hanya pas untuk 2 mobil namun harus berjalan bergantian bila berpapasan"
"1523266842-1129","https://www.tripadvisor.co.id/Attraction_Review-g297710-d4367540-Reviews-or50-Goa_Cina_Beach-Malang_East_Java_Java.html","Terletak kurang lebih 80km dari pusat kota malang. Dengan medan yang cukup menantang. Jalan berliku, tengah hutan, hujan sedang, minim penerangan, merupakan hal harus ditaklukan.
Menawarkan keindahan pemandangan lepas pantai yang luar biasa dihiasi batu di tengah lautan. Diiringi deburan ombak pantai selatan yang tiada...Selengkapnya"
"1523266842-1148","https://www.tripadvisor.co.id/Attraction_Review-g297710-d4367540-Reviews-or50-Goa_Cina_Beach-Malang_East_Java_Java.html","2x sudah berkunjung kesini ...tidak membosankan...selama 2015 bulan juni bersama keluarga dan bulan september bersama teman...walau agak jauh perjalanan..kurang lebih 2, 5 jam tapi setelah sampai rasa capek terbayarkan"
"1523266842-1091","https://www.tripadvisor.co.id/Attraction_Review-g297710-d4367540-Reviews-or50-Goa_Cina_Beach-Malang_East_Java_Java.html","pengen ke pantai pasir putih tapi gak ingin jauh2 dari surabaya ya ke tempat ini saja guys, selain hanya berjarang 6 jam dari surabaya tempat ini sangat ramah lingkungan. dari kuliner sampai tempat camping tersedia juga disini"
"1523266842-1067","https://www.tripadvisor.co.id/Attraction_Review-g297710-d4367540-Reviews-or50-Goa_Cina_Beach-Malang_East_Java_Java.html","Disini sudah banyak warung yang berjajar, jadi gak perlu terlalu khawatir untuk masalah makanan
Untuk toilet dan mushola ada juga kok
Pantai murah dan bagus ya Goa Cina"
"1523266842-1251","https://www.tripadvisor.co.id/Attraction_Review-g297710-d4367540-Reviews-or50-Goa_Cina_Beach-Malang_East_Java_Java.html","Pantai ini memiliki tempat yang bagus untuk menonton matahari terbit tapi sayangnya tidak cukup bersih pantai berpasir. Di area parkir, dan kios makanan juga tidak cukup nyaman"
"1523266842-1135","https://www.tripadvisor.co.id/Attraction_Review-g297710-d4367540-Reviews-or50-Goa_Cina_Beach-Malang_East_Java_Java.html","kami pernah rombongan satu bus ke pantai goa cina, pantainya bersih dan lumayan jauhnya. disana banyak yang jualan dan toilet umumnya banyak dan bersih tidak seperti pantai balaikambang toiletnya jorok banget. Yang menarik disitu ada goa cina namanya guys tapi perlu diingat goanya sempit dan...Selengkapnya"
"1523266842-1201","https://www.tripadvisor.co.id/Attraction_Review-g297710-d4367540-Reviews-or50-Goa_Cina_Beach-Malang_East_Java_Java.html","Pantai tersebut tidak ada yang spesial kecuali ada gua kecil, pantainya juga banyak bebatuan, jadi kurang cocok untuk bersantai atau jalan-jalan. akses ke lokasi tersebut juga masih tidak baik, bisa merusak mobil. lebih baik pakai mobil sewaan ke tempat ini."
"1523266842-1074","https://www.tripadvisor.co.id/Attraction_Review-g297710-d4367540-Reviews-or50-Goa_Cina_Beach-Malang_East_Java_Java.html","cocok untuk wisata keluarga karna akses jalannya sudah bisa dilalui bis, untuk fasilitasnya sudah lumayan lengkap di banding pantai lainnya"
"1523266842-1134","https://www.tripadvisor.co.id/Attraction_Review-g297710-d4367540-Reviews-or50-Goa_Cina_Beach-Malang_East_Java_Java.html","Untuk mahasiswa yang tinggal di Malang, tempat ini cocok untuk dikunjungi. Memang tempatnya jauh sih dari Malang
Pantainya Indah, terdapat dua sisi pantai di kanan dan kiri diantara bukit batu yang didalamnya terdapat gua ""Gua Cina""."
"1523266842-1115","https://www.tripadvisor.co.id/Attraction_Review-g297710-d4367540-Reviews-or50-Goa_Cina_Beach-Malang_East_Java_Java.html","pantainya bagus tapi menurut saya jalan masuk ke pantainya sedikit kurang campur tanggan pemerintah mohon di tingkatkan kembali :)"
"1523266842-1088","https://www.tripadvisor.co.id/Attraction_Review-g297710-d4367540-Reviews-or50-Goa_Cina_Beach-Malang_East_Java_Java.html","Perjalanan 2 jam dari kota Malang. Pas datang lagi bulan puasa, banyak warung yang tutup. Pantainya sepi dan bening airnya. Bisa main air di pinggiran pantai. Pasirnya putih."
"1523266842-1095","https://www.tripadvisor.co.id/Attraction_Review-g297710-d4367540-Reviews-or50-Goa_Cina_Beach-Malang_East_Java_Java.html","Pantai yang bagus untuk menyaksikan sunrise, terletak di daerah Jalan lintas Selatan, Salah satu Pantai yang wajib dikunjungi jika ke Malang."
"1523266842-1270","https://www.tripadvisor.co.id/Attraction_Review-g297710-d4367540-Reviews-or50-Goa_Cina_Beach-Malang_East_Java_Java.html","Saya datang ke sini dengan ibuku dan temannya untuk sementara waktu. Pemandangannya adalah menyenangkan. Namun, terlalu banyak sampah di sini dan di sana itu menjadi agak mengganggu bagi saya. Jika teman-teman saya dari luar kota di sini. Saya pikir saya akan membawa mereka di sini...Selengkapnya"
"1523266842-1183","https://www.tripadvisor.co.id/Attraction_Review-g297710-d4367540-Reviews-or50-Goa_Cina_Beach-Malang_East_Java_Java.html","pantai ini keren sih, dekat juga dengan sendang biru, pulau sempu, bajul mati, dan satu pantai lagi lupa namanya, jadi kalau kesini mending pagi2 sekali biar bisa ke tempat lainnya karena akses jalanannya yang membutuhkan waktu lumayan lama, berkelok, dan agak jauh dr pemukiman lagi"
"1523266842-1130","https://www.tripadvisor.co.id/Attraction_Review-g297710-d4367540-Reviews-or50-Goa_Cina_Beach-Malang_East_Java_Java.html","Bagus pantainya sendang biru tp mabok perjalanan yg berliku liku dan terjal sekali..krn bw anak jd ga nyaman. Goa cina ga ada yg special sulit dilalui krn tebing2."
"1523266842-1178","https://www.tripadvisor.co.id/Attraction_Review-g297710-d4367540-Reviews-or50-Goa_Cina_Beach-Malang_East_Java_Java.html","pantai yang bagus....hanya saja fasilitas masih minim...kalau dibandingkan dengan lamanya perjalanan kurang sebanding...karena tidak bisa berlama-lama di sana...fasilitas belum tertata dengan baik....."
"1523266842-1119","https://www.tripadvisor.co.id/Attraction_Review-g297710-d4367540-Reviews-or50-Goa_Cina_Beach-Malang_East_Java_Java.html","Mengunjungi pantai Goa Cina untuk acara team building kantor. Sekitar 2 jam perjalanan dari kota Batu. Akses ke sana cukup off road dan kebetulan saat saya kesana habis longsor dan dlm kondisi musim hujan, jadi jalanan sangat tidak mendukung. Kalau mobil anda city car, saya...Selengkapnya"
"1523266842-1112","https://www.tripadvisor.co.id/Attraction_Review-g297710-d4367540-Reviews-or50-Goa_Cina_Beach-Malang_East_Java_Java.html","Sebuah pilihan destinasi wisata pantai di Malang Selatan, pantai yang cukup indah dengan pemandangan luas kearah samudra lepas. Gugusan beberapa pulau ditengah laut menambah indahnya pantai Goa Cina ini. Walau terbilang masih baru digarap potensinya, namun fasilitas yang terdapat cukup memadai seperti tempat makan, area...Selengkapnya"
"1523266842-1224","https://www.tripadvisor.co.id/Attraction_Review-g297710-d4367540-Reviews-or50-Goa_Cina_Beach-Malang_East_Java_Java.html","Keseluruhan objek wisata pantai gua cina memang tidak terlalu disesali untuk dikunjungi, pantai yang masih alami. Cuma akses jalan masuk menuju objek wisata yang sangat sangat buruk. Jalanan makadam jika musim hujan tambah ancur ... Area parkir yang gersang kurang rerimbunan pohon ...."
"1523266842-1220","https://www.tripadvisor.co.id/Attraction_Review-g297710-d4367540-Reviews-or50-Goa_Cina_Beach-Malang_East_Java_Java.html","Pantai ini menunjukkan bahwa Negara kita ini kaya akan banyak kekayaan dan keindahan alamnya. Susunan bukit karang yang ada di laut dekat tepi pantai, pasir putih yang lembut, laut yang berwarna biru dengan demburan ombaknya merupakan potensi yang luar biasa untuk menjadi tempat wisata favorit...Selengkapnya"
"1523266842-1108","https://www.tripadvisor.co.id/Attraction_Review-g297710-d4367540-Reviews-or50-Goa_Cina_Beach-Malang_East_Java_Java.html","Pantai Goa Cina bersih dan ombaknya pun tergolong kecil sehingga aman untuk berenang, selain itu tempat ini juga cocok untuk piknik keluarga."
"1523266842-1209","https://www.tripadvisor.co.id/Attraction_Review-g297710-d4367540-Reviews-or50-Goa_Cina_Beach-Malang_East_Java_Java.html","Pantai sangat indah, tidak kalah dengan Bali.
Deburan ombak dan letak karang yang elok di tengah pantai sangat mempesona.
Tempat parkir disekitar pantai sangat luas.
Yang disayangkan banyak pengunjung yang membuang sampah sembarangan, pantai terlihat kotor dan pasir menjadi hitam.
Goa juga berbau kurang sedap....Selengkapnya"
"1523266842-1242","https://www.tripadvisor.co.id/Attraction_Review-g297710-d4367540-Reviews-or50-Goa_Cina_Beach-Malang_East_Java_Java.html","Biasanya anda harus berjalan jauh untuk melihat pantai ini. Melihat untuk diri Anda. Instagram gambar tidak melakukan keadilan tempat ini di pantai."
"1523266842-1057","https://www.tripadvisor.co.id/Attraction_Review-g297710-d4367540-Reviews-or50-Goa_Cina_Beach-Malang_East_Java_Java.html","Pantainya bagus, akses jalannya juga ga susah. Sayangnya agak kotor sampah berserakan padahal uda disediakan tempat sampah. Botol2 plastik bungkus makanan dll dibuang sembarangan."
"1523266842-1228","https://www.tripadvisor.co.id/Attraction_Review-g297710-d4367540-Reviews-or50-Goa_Cina_Beach-Malang_East_Java_Java.html","pantai yg sangat bersih biarpun terpencil,,,tapi terasa nyaman indah serasa di tanah lot BALI,,gak sia menempuh perjalanan yang jauh,,,karena disini akan terobati,,,pantai goa cina terletak di sumbermanjing wetan barat dari pantai sendang biru,,,berada di jalur lintas selatan pulau jawa,,,pantai yang sangat cocok untuk semua kalangan,,,dan...Selengkapnya"
"1523266842-1103","https://www.tripadvisor.co.id/Attraction_Review-g297710-d4367540-Reviews-or50-Goa_Cina_Beach-Malang_East_Java_Java.html","Goa yang berlokasi di samping pantai biasa saja, tetapi pantainya indah dan menyenangkan. Sempatkan untuk santai di pantainya sambil santai menikmati pemandangan, semilir angain dan debur ombaknya yang tenang."
"1523266842-1163","https://www.tripadvisor.co.id/Attraction_Review-g297710-d4367540-Reviews-or50-Goa_Cina_Beach-Malang_East_Java_Java.html","Pantainya cukup luas dan berpasir putih. Jalan menuju kesana relatif bagus hanya di beberapa tempat terpotong karena sedang ada perbaikan jalan. Tempat makan cukup banyak. Yang disayangkan adalah banyaknya sampah pengunjung yang berserakan di pasir dan di tanah di bawah pohon pinggir pantai. Tidak kelihatan...Selengkapnya"
"1523266842-1231","https://www.tripadvisor.co.id/Attraction_Review-g297710-d4367540-Reviews-or50-Goa_Cina_Beach-Malang_East_Java_Java.html","Pantai goa cina sangatlah indah dan nyaman,, bulan lalu saya camping disana. Terdapat pantai tersembunyi dibalik bukit, pasir putihnya lebih halus dan bisa berenang dipantainya. Jarak dari kota malang sekitar 80-90km dengan waktu tempuh 2-3 jam. saya sarankan anda camping saja disana sehingga anda bisa...Selengkapnya"
"1523266842-1227","https://www.tripadvisor.co.id/Attraction_Review-g297710-d4367540-Reviews-or50-Goa_Cina_Beach-Malang_East_Java_Java.html","pantai nya cukup bagus dan alami, masiih banyak kulit kerang yang bagus-bagus. jika di kelola dengan serius pasti bisa seperti di bali. semoga pihak yang terkait bisa memajukan pariwisata pantai goa cina"
"1523266842-1174","https://www.tripadvisor.co.id/Attraction_Review-g297710-d4367540-Reviews-or50-Goa_Cina_Beach-Malang_East_Java_Java.html","pantai yang berada dimalang selatan ini memiliki keindahan tersendiri. dengan air yang jernih dan deburan ombak yang sangat asik untuk bermain atau pun berfoto dengan keluarga atau pun teman"
"1523266842-1210","https://www.tripadvisor.co.id/Attraction_Review-g297710-d4367540-Reviews-or50-Goa_Cina_Beach-Malang_East_Java_Java.html","Pantai yang sangat indah, meskipun perjalanan cukup jauh dan memakan waktu lama, tapi saat tiba disana akan terbayar semua rasa capek itu dengan pemandangan yang indah."
"1523266842-1153","https://www.tripadvisor.co.id/Attraction_Review-g297710-d4367540-Reviews-or50-Goa_Cina_Beach-Malang_East_Java_Java.html","View pantai bagus sekali. Jarang ada seperti ini. Cuman kmaren berlibur waktu long weekend jd rame banget pantainya. Perjalanan yg cukup jauh dr kota malang membikin menyita waktu dan macetnya krn byk yg berlibur ksana. Dan bbrp jalan masih dalam taraf perbaikan. Sayang mau berkunjung...Selengkapnya"
"1523266842-1146","https://www.tripadvisor.co.id/Attraction_Review-g297710-d4367540-Reviews-or50-Goa_Cina_Beach-Malang_East_Java_Java.html","Pertama kali datang ke pantai ini sama teman kantor pada Februari 2016. Ruar biasa senangnya, tempatnya yang bagus ombaknya besar, tapi cukup dilihat dari jauh saja, tidak usah terlalu mendekati ombak, karena sering terjadi kecelakaan, pengunjung yang terseret ombak loh, karena mungkin kurang berhati hati....Selengkapnya"
"1523266842-1149","https://www.tripadvisor.co.id/Attraction_Review-g297710-d4367540-Reviews-or50-Goa_Cina_Beach-Malang_East_Java_Java.html","Ini dia perjalanan yg tak terduga.. lagi males & bosen dirumah sama istri langsung deh btowsing & ketemu pantai goa cina. 4 jam dr malang kota perjalanan yg wow, tp puaaasssss & lelahnya dijalan tergantikan dgn indahnya pantai.. ditambah es degan murniii... hemmmm yummmyy"
"1523266842-1261","https://www.tripadvisor.co.id/Attraction_Review-g297710-d4367540-Reviews-or50-Goa_Cina_Beach-Malang_East_Java_Java.html","Ketika aku pergi, itu tidak benar-benar penuh sesak. Cuaca sangat panas, jadi jangan lupa untuk membawa payung."
"1523266842-1237","https://www.tripadvisor.co.id/Attraction_Review-g297710-d4367540-Reviews-or50-Goa_Cina_Beach-Malang_East_Java_Java.html","2, 5 jam mengemudi dari kota Malang, di Goa Cina merupakan pantai dengan pasir putih beautifful, agak ragu-ragu, ya tapi laut selatan Jawa, selalu memiliki ombak besar. Namun ada beberapa daerah yang Anda dapat bermain dengan air, hanya di kolam, menikmati air laut, Anda dapat...Selengkapnya"
"1523266842-1121","https://www.tripadvisor.co.id/Attraction_Review-g297710-d4367540-Reviews-or50-Goa_Cina_Beach-Malang_East_Java_Java.html","Saya sampai di pantai goa cina sudah sore, sehingga tidak ada sunset. Namun untuk suasana pantainya saya sangat suka, karena di tengah-tengah terdapat beberapa batu-batu & ombak di pantai ini pun cukup besar, anginnya terasa sangat sejuk,
Namun untuk kesini cukup jauh dari kota Malang,...Selengkapnya"
"1523266842-1125","https://www.tripadvisor.co.id/Attraction_Review-g297710-d4367540-Reviews-or50-Goa_Cina_Beach-Malang_East_Java_Java.html","Lebih baik kesini saat menjelang sore hari. Karna sunset nya indah banget.. 😊
Meski menempuh perjalanan yg melelahkan namun akan terbayar saat sampai ketempat ini.. Ajak keluarga agar liburan lebih seru.."
"1523266842-1190","https://www.tripadvisor.co.id/Attraction_Review-g297710-d4367540-Reviews-or50-Goa_Cina_Beach-Malang_East_Java_Java.html","pantainya bagus, bersih, sayang sekali ombaknya yang sering besar membuat tidak bisa berenang apalagi ke tengah"
"1523266842-1214","https://www.tripadvisor.co.id/Attraction_Review-g297710-d4367540-Reviews-or50-Goa_Cina_Beach-Malang_East_Java_Java.html","Jalan menuju pantai belum diaspal, sehingga menyulitkan pengunjung menuju pantai. Datanglah pada hari biasa bukan hari libur, karena Anda dapat menikmati suasana pantai yang sepi dan indah. Walaupun pesisir pantai tidak terlalu panjang. Jangan lupa nikmati juga pantai yang ada di tengah-tengah laut. Anda dapat...Selengkapnya"
"1523266842-1089","https://www.tripadvisor.co.id/Attraction_Review-g297710-d4367540-Reviews-or50-Goa_Cina_Beach-Malang_East_Java_Java.html","Pantai tetangga yang dikunjungi setelah tiga warna.
Dulu waktu kecil merasa pantai inj bagus banget, kemarin coba kilas balik kesinj dan merasa pantai ini menjadi biasa saja."
"1523266842-1124","https://www.tripadvisor.co.id/Attraction_Review-g297710-d4367540-Reviews-or50-Goa_Cina_Beach-Malang_East_Java_Java.html","untuk menuju ke pantai ini memang butuh perjuangan karena jalannya yang masih makadam alias belum beraspal dan sempit, tapi setelah sampai di tujuan terbayar sudah sama cantiknya pantai ini .... sejuk, tenang, damai, indah, alami, candu banget nich pantai, kapan2 main sini ya kawan ....."
"1523266842-1265","https://www.tripadvisor.co.id/Attraction_Review-g297710-d4367540-Reviews-or50-Goa_Cina_Beach-Malang_East_Java_Java.html","bersenang-senang, menikmati pantai, tetapi tidak memiliki restoran yang bagus, anda harus membawa makanan sendiri... ati-ati tentang dermimil di area"
"1523266842-1252","https://www.tripadvisor.co.id/Attraction_Review-g297710-d4367540-Reviews-or50-Goa_Cina_Beach-Malang_East_Java_Java.html","Pasti salah satu pantai terbaik di selatan kota malang. Sedikit terlalu panas selama siang hari dan pilihan makanan yang sangat terbatas."
"1523266842-1147","https://www.tripadvisor.co.id/Attraction_Review-g297710-d4367540-Reviews-or50-Goa_Cina_Beach-Malang_East_Java_Java.html","Kawasan Wisata di Malang,Berupa Pantai!Jalan Menuju Kawasan ini memang cukupppp jauhhh...Tetapi terobati saat sampai ^^
Ada Goa yang katanya dulu sebagai tempat petapa seorang cina (?)
Disana Ombaknya Besar,Tetapi dipinggir pantai ada karang yang menyerupai Bathtub,Jadi bisa berendam dan kena deburan ombak.Cocok juga Wisata Bersama...Selengkapnya"
"1523266842-1144","https://www.tripadvisor.co.id/Attraction_Review-g297710-d4367540-Reviews-or50-Goa_Cina_Beach-Malang_East_Java_Java.html","Selamat dtg d slh satu surga alam kab.malang... pantai goa cina.. lelahny perjalanan sya dan tmn2 dri gresik ksna. Terbayar dg keindahan dan kealamian pantai ini.. btu2 krg yg masi alami.. tp ht2 bnyk bulubabi.hihi...
Kmudian ombak yg terpecah krn ad barrier reef nya mmbuat...Selengkapnya"
"1523266842-1076","https://www.tripadvisor.co.id/Attraction_Review-g297710-d4367540-Reviews-or50-Goa_Cina_Beach-Malang_East_Java_Java.html","Pantai Guci setipe dengan beberapa destinasi wisata pantai yg mempunyai ombak laut selatan di wilayah Kab. Malang. Akses jalan yang tidak mulus, kebersihan lingkungan yang tidak terjaga dan fasilitas pengunjung yg kurang layak msh mendominasi di pantai ini. Yang agak beda adalah banyaknya penjual makanan...Selengkapnya"
"1523266842-1111","https://www.tripadvisor.co.id/Attraction_Review-g297710-d4367540-Reviews-or50-Goa_Cina_Beach-Malang_East_Java_Java.html","Pantai ini terletak di sebelah selatan kota malang, seperti hal nya pantai2 lainya di bagian selatan. Pantai ini cukup indah dan nyaman untuk di jadikan tempat ber rekreasi hanya saja di pantai ini ombaknya cukup besar dengan batu karang sebagai dasaran nya. Jadi kurang aman/cukup...Selengkapnya"
"1523266842-1100","https://www.tripadvisor.co.id/Attraction_Review-g297710-d4367540-Reviews-or50-Goa_Cina_Beach-Malang_East_Java_Java.html","Pemandangan pantai yg sangat biru dan angin sepoi2 di pagi hari.
Sekitar pukul 10.00 saya dan karyawan2 tiba disana, menikmati pemandangan.
Tapi sayangnya ketika akan masuk Goa nya, cukup sempit dan karena ramai, tidak jadi masuk, hanya menikmati pantai saja.
Sekedar informasi, di pantai Goa...Selengkapnya"
"1523266842-1246","https://www.tripadvisor.co.id/Attraction_Review-g297710-d4367540-Reviews-or50-Goa_Cina_Beach-Malang_East_Java_Java.html","Pantai ini sangat indah, tapi Anda tidak bisa benar-benar berenang di sana dan sangat miring dalam cara yang tidak kondusif untuk berbaring dan bersantai. Ada pantai lain di dekatnya yang lebih cocok untuk hal-hal yang disebutkan di atas."
"1523266842-1056","https://www.tripadvisor.co.id/Attraction_Review-g297710-d4367540-Reviews-or50-Goa_Cina_Beach-Malang_East_Java_Java.html","Pantainya biru masih jernih
Tempatnya juga masih asri
Terdapat toilet dan tempat makan
Bisa buat camping bagi yang suka camping.
Bisa berlama lama menikmati panorama alam, laut dan karang karang di tepian laut, ada situs gua dulu buat pertapa cina. Bisa di lihat juga. Wahh...Selengkapnya"
"1523266842-1140","https://www.tripadvisor.co.id/Attraction_Review-g297710-d4367540-Reviews-or50-Goa_Cina_Beach-Malang_East_Java_Java.html","Goa cina memiliki 2 pantai, saya menyebutnya karena pantai yang panjang terbelah oleh goanya. Yang sebelah kiri, banyak batu-batu karang yang lancip dan tajam, dan sangat licin, jadi awas jatuh. Di pantai sisi kanan goa, pantai ini tidak ada batu karang sehingga lebih nyaman untuk...Selengkapnya"
"1523266842-1158","https://www.tripadvisor.co.id/Attraction_Review-g297710-d4367540-Reviews-or50-Goa_Cina_Beach-Malang_East_Java_Java.html","Kami sekeluarga datang sudah sore, karena jalanan macet dan kami mampir ke tempat lain dulu. Tapi meskipun sore hari, pantai ini tetap ada pengunjungnya sampai ada juga yang bermalam. Pemandangan di sore hari cukup bagus, batu-batu besar di laut terlihat bayangannya sehingga tampak eksotis, ditemani...Selengkapnya"
"1523266842-1191","https://www.tripadvisor.co.id/Attraction_Review-g297710-d4367540-Reviews-or50-Goa_Cina_Beach-Malang_East_Java_Java.html","Keindahan pantai selatan yang baru bisa dinikmati dengan mudah karena akses sudah terhubung dengan jalan umum. Kondisi pantai masih bersih dan alami."
"1523266842-1272","https://www.tripadvisor.co.id/Attraction_Review-g297710-d4367540-Reviews-or50-Goa_Cina_Beach-Malang_East_Java_Java.html","Masih cukup pantai, pasir putih, air jernih, tapi tidak terlalu bersih dari sampah keselumhan.
Akses jalan sedikit sulit. Tempat yang tepat untuk bersantai dan berjemur, tapi mungkin itu baik-baik saja.
Sekurangnya untuk petualangan bangsa: d"
"1523266842-1192","https://www.tripadvisor.co.id/Attraction_Review-g297710-d4367540-Reviews-or50-Goa_Cina_Beach-Malang_East_Java_Java.html","Pantai Goa Cina merupakan pantai yang terletak di Malang selatan, dan merupakan pantai yang sudah cukup lengkap fasilitas, mulai dari kamar mandi air tawar musholla dan rumah makan tersedia, yang asyiknya lagi disini terdapat camping ground dengan biaya camp 10.000 per orang"
"1523266842-1218","https://www.tripadvisor.co.id/Attraction_Review-g297710-d4367540-Reviews-or50-Goa_Cina_Beach-Malang_East_Java_Java.html","Pantai Goa China terletak sekitar 70km ke arah selatan kota Malang. Pantai ini merupakan bibir samudera hindia sehingga memiliki ombak yang besar.
Saat mendekati area wisata Goa China- belum turun dari kendaraan, saya mendengar gemuruh ombak yang menerjang karang-yang juga menandakan bahwa ombak di pantai...Selengkapnya"
"1523266842-1169","https://www.tripadvisor.co.id/Attraction_Review-g297710-d4367540-Reviews-or50-Goa_Cina_Beach-Malang_East_Java_Java.html","- Kondisi jalan yang sangat jelek :(
- Fasilitas wisata masih kurang
+ Pemandangan indah
- Ombak terhitung sangat besar"
"1523266842-1189","https://www.tripadvisor.co.id/Attraction_Review-g297710-d4367540-Reviews-or50-Goa_Cina_Beach-Malang_East_Java_Java.html","pantainya bersih dan enak dikunjungi bersama keluarga, bisa melihat sunset alias matahari terbenam dengan sangat bagus,,, cocok juga untuk berkemah,,"
"1523266842-1098","https://www.tripadvisor.co.id/Attraction_Review-g297710-d4367540-Reviews-or50-Goa_Cina_Beach-Malang_East_Java_Java.html","lokasion very good, pemandangan very beautiful tempat standart bersih
lokasi perjalanan dari tempat parkir dan tempat kuliner dekat dengan pantai
thank so much"
"1523266842-1239","https://www.tripadvisor.co.id/Attraction_Review-g297710-d4367540-Reviews-or50-Goa_Cina_Beach-Malang_East_Java_Java.html","Pantai yang luar biasa yang saya pernah ke sana. Seperti pantai di Bali kutha. Pasir putih dan air biru. Hati-hati saat akan pergi ke daerah ini. Karena jalan rusak ketika memasuki daerah ini. Terutama saat hujan. Tapi lebih dari semua. Saya pikir saya akan ada...Selengkapnya"
"1523266842-1131","https://www.tripadvisor.co.id/Attraction_Review-g297710-d4367540-Reviews-or50-Goa_Cina_Beach-Malang_East_Java_Java.html","Pantainya bersih,banyak yg jualan makanan,bisa makan lesehan dipinggir pantai,ombak besar sehingga tidak bisa untuk bermain air.
Ada yg menawarkan foto bersama owl & ular,tidak mahal,untuk foto bersama owl (namanya John) rp.5000/org & foto bersama ular (namanya Nina) bayar sukarela.Aman karena jinak.
Kalo mau foto akan...Selengkapnya"
"1523266842-1205","https://www.tripadvisor.co.id/Attraction_Review-g297710-d4367540-Reviews-or50-Goa_Cina_Beach-Malang_East_Java_Java.html","Akses masuk kesini memang sulit dari jalan utama harus melalui jalan bebatuan, dari kota malang dibutuhkan waktu 2,5 jam. Akan tetapi semuanya terbayarkan dengan ombak pantai yang menakjubkan.
Terdapat kamar mandi, dan warung disini."
"1523266842-1099","https://www.tripadvisor.co.id/Attraction_Review-g297710-d4367540-Reviews-or50-Goa_Cina_Beach-Malang_East_Java_Java.html","Goa China di selatan Malang ini merupakan pantai yang punya 2 view. Kiri dan kanan yang dipisahkan oleh bukit yang ada goa nya. Jika menghadap pantai, sisi kanan merupakan pantai dengan pasir putihnya, lalu sisi kiri dengan bebatuan. Cantik deh apalagi kalau sunset."
"1523266842-1081","https://www.tripadvisor.co.id/Attraction_Review-g297710-d4367540-Reviews-or50-Goa_Cina_Beach-Malang_East_Java_Java.html","Saat saya liburan saya bersama teman saya. Dapat ditempuh dari pusat kota malang kurang lebih 2 jam. Saya sangat senang dengan tempat ini, memiliki ombak yang besar. Dan tempatnya sangat instagramable. Disamping pantai gua cina terdapat pantai watu leter. Sangat jarang dikunjungi orang. Jadi tempat...Selengkapnya"
"1523266842-1259","https://www.tripadvisor.co.id/Attraction_Review-g297710-d4367540-Reviews-or50-Goa_Cina_Beach-Malang_East_Java_Java.html","itu akan terbaik untuk mengunjungi tempat ini di musim kemarau dan untuk menghabiskan satu atau dua malam di sini. Lokasi ini cukup jauh dari pusat kota dan hampir tidak ada transportasi umum."
"1523266842-1179","https://www.tripadvisor.co.id/Attraction_Review-g297710-d4367540-Reviews-or50-Goa_Cina_Beach-Malang_East_Java_Java.html","Berbeda dengan pantai sendang biru, pantai goa cina ini memang diniatkan untuk berwisata. Banyak makanan ditemui disini, tidak hanya bakso dan mie instan. Tempat bilas ( berbayar ) banyak tersedia setelah mandi di pantai. Deburan ombak yang tidak terlalu besar, membuat rileks ketika berendam di...Selengkapnya"
"1523266842-1238","https://www.tripadvisor.co.id/Attraction_Review-g297710-d4367540-Reviews-or50-Goa_Cina_Beach-Malang_East_Java_Java.html","kami tidak akan diizinkan untuk berenang di sini karena gelombang, arus, dan ombak yang besar. Tapi pemandangan sangat bagus. Hotel ini sangat bersih dan bagus untuk piknik."
"1523266842-1222","https://www.tripadvisor.co.id/Attraction_Review-g297710-d4367540-Reviews-or50-Goa_Cina_Beach-Malang_East_Java_Java.html","Pantai yg bagus dengan ombak yg tenang, murah, pemandangan yg cukup indah dan asri, dan cocok untuk kalian yg mau refresh otak dan cuci mata hehehe"
"1523266842-1172","https://www.tripadvisor.co.id/Attraction_Review-g297710-d4367540-Reviews-or50-Goa_Cina_Beach-Malang_East_Java_Java.html","Salah satu pantai dengan pemandangan exotic khas pantai selatan pulau jawa. Gugusan karang terlihat jelas pada saat surut. Pantai ini terlihat sangat tidak terawat dan fasilitas pendukung banyak yang rusak. Salam trip trip"
"1523266842-1141","https://www.tripadvisor.co.id/Attraction_Review-g297710-d4367540-Reviews-or50-Goa_Cina_Beach-Malang_East_Java_Java.html","Meskipun terletak di pelosok dan jauh dari kota. Tapi pemandangan nya engga nge bosenin. Angin kenceng, ombak besar, dan pasir luas. Wih keren daaah, untuk pacaran juga recommended lah haha"
"1523266842-1188","https://www.tripadvisor.co.id/Attraction_Review-g297710-d4367540-Reviews-or50-Goa_Cina_Beach-Malang_East_Java_Java.html","pantai indah yang kurang di rawat, pencapaian menuju gua nya agak sulit, karena berbatu-batu. makanan di sekitarnya kurang berkualitas, seandainya lebih terpublikasikan dengan baik pasti banyak kunjungan wisatawannya. Pantai yang kurang cocok untuk berenang, ombaknya besar. disarankan bawa payung / topi karena panas sangat terik...Selengkapnya"
"1523266842-1102","https://www.tripadvisor.co.id/Attraction_Review-g297710-d4367540-Reviews-or50-Goa_Cina_Beach-Malang_East_Java_Java.html","Pantai ini merupakan salah satu pantai yang ada di daerah selatan dar Malang. dimana pantai ini cukup Indah dan memiliki banyak tempat makan dan tempt Toilet juga. selian itu pula pantai ini terdapat gua walau tak banyak yang dilihat didalam gua ini. selain itu pantai...Selengkapnya"
"1523266842-1281","https://www.tripadvisor.co.id/Attraction_Review-g297710-d4367540-Reviews-or50-Goa_Cina_Beach-Malang_East_Java_Java.html","Jika anda mencari pantai alam, goa cina adalah tempat yang tepat. Terletak jauh dari kota ramai, pantai ini mulai tampak natural view, tapi tidak diperbolehkan untuk berenang karena ombak besar dan banyak karang yang panjang sisi pantai. Goa Cina (china cave) sendiri gua tidak besar,...Selengkapnya"
"1523266842-1120","https://www.tripadvisor.co.id/Attraction_Review-g297710-d4367540-Reviews-or50-Goa_Cina_Beach-Malang_East_Java_Java.html","Pantai ini bagus dan bersih. cocok digunakan untuk prewedding. Kurang bisa digunakan untuk bermain karena ombak relatif tinggi jadi anda harus terus waspada."
"1523266842-1167","https://www.tripadvisor.co.id/Attraction_Review-g297710-d4367540-Reviews-or50-Goa_Cina_Beach-Malang_East_Java_Java.html","pantai yang paling bagus di kawasan sedang biru, memiliki garis pantai dua warna yaitu hijau dan biru, kalau dari malang membutukan waktu kurang lebih 2,5 jam untuk sampai di pantai ini.di sarankan menyewa kendaran dari malang untuk mempermudah transport, kunliner di sini juga lumayan ada...Selengkapnya"
"1523266842-1075","https://www.tripadvisor.co.id/Attraction_Review-g297710-d4367540-Reviews-or50-Goa_Cina_Beach-Malang_East_Java_Java.html","Pantai goa cina termasuk pantai yang digemari wisatawan karena aksesnya mudah, untuk menuju pantai ini tinggal mengikuti arah ke pantai sendang biru, sebelum pantai sendang biru ada pertigaan, ikuti arah ke pantai goa cina/bajul mati, ada pertigaan lgi belok kiri ke arah goa cina, disini...Selengkapnya"
"1523266842-1104","https://www.tripadvisor.co.id/Attraction_Review-g297710-d4367540-Reviews-or50-Goa_Cina_Beach-Malang_East_Java_Java.html","Goa cina pemandangannya bagus, ombak tidak begitu ganas meskipun tergolong pantai selatan yg terkenal dg ombaknya yg besar.namun pantai goa cina sangat nyaman krn ombaknya yg tdk bgt ganas. Ditambah dengan pemandangannya yg indah. Pokok ga nyesel dehh maen ke pantai goa cina"
"1523266842-1126","https://www.tripadvisor.co.id/Attraction_Review-g297710-d4367540-Reviews-or50-Goa_Cina_Beach-Malang_East_Java_Java.html","Satu lagi tempat wisata pantai yg harus dikunjungi bila ke malang selatan...tempatnya tdk kalah dg pantai lain ombaknya besar..namun masih terlihat sedikit sampah pengunjung, banyak warung2 yg buka....."
"1523266842-1256","https://www.tripadvisor.co.id/Attraction_Review-g297710-d4367540-Reviews-or50-Goa_Cina_Beach-Malang_East_Java_Java.html","Butuh waktu 3 jam untuk sampai ke pantai ini. Perjalanan sangat jauh dan melelahkan. Pantai yang cukup bagus dan ramai pada hari libur."
"1523266842-1133","https://www.tripadvisor.co.id/Attraction_Review-g297710-d4367540-Reviews-or50-Goa_Cina_Beach-Malang_East_Java_Java.html","Malang memang memliki banyak pantai yang bagus dan keren-keren salah satunya goa china, tetapi sama seperti halnya pantai Malang Selatan lainnya ombak di pantai ini tinggi jadi tidak disarankan untuk berenang, dipantai ini juga terdapat goa peninggalan saya tidak tau peninggalan Jepang atau China, dan...Selengkapnya"
"1523266842-1063","https://www.tripadvisor.co.id/Attraction_Review-g297710-d4367540-Reviews-or50-Goa_Cina_Beach-Malang_East_Java_Java.html","Goa Cina
Dulu salah satu tempat spot foto pantai terbaik anak muda surabaya atau jawa timur
Sekarang menjadi rujukan tempat rekreasi keluarga
sehingga banyak orang berualan disekitarnya dan sangatlah ramai
So, semoga ulasan ini membantu teman teman jika ingin memutuskan untuk ke pantai"
"1523266842-1216","https://www.tripadvisor.co.id/Attraction_Review-g297710-d4367540-Reviews-or50-Goa_Cina_Beach-Malang_East_Java_Java.html","Pantai goa Cina, terletak di selatan malang, tidak terlalu jauh dari pantai sempu.
Perjalanan ke Goa cina pada awal nya lumayan lancar. Jalanan yang sudah di aspal dengan mulus. Namun saat anda akan memasuki area Goa cina, anda harus melewati pemukiman penduduk. Jalan nya tidak...Selengkapnya"
"1523266842-1199","https://www.tripadvisor.co.id/Attraction_Review-g297710-d4367540-Reviews-or50-Goa_Cina_Beach-Malang_East_Java_Java.html","Rute untuk ke Goa Cina ini agak sulit karena jalanan yang masih belum terjamah pemerinta setempat, jalanannya hancur dan kalau pergi di musim hujan harus berhati2 karena liciiin..jadi siapkan kendaraan anda se-FIT mungkin.
bila sudah sampai anda akan di sungguhkan pemandangan alam yang indah..desiran ombak...Selengkapnya"
"1523266842-1118","https://www.tripadvisor.co.id/Attraction_Review-g297710-d4367540-Reviews-or50-Goa_Cina_Beach-Malang_East_Java_Java.html","Berangkat dari kota Malang menuju pantai ini lumayan jauh, sekitar 2-3 jam perjalanan. Sebaiknya berangkat dan pulang di saat terang. Pantainya indah banget, masih belum banyak tersentuh tangan manusia. Semoga pengunjung bisa selalu menjaga kebersihannya."
"1523266842-1273","https://www.tripadvisor.co.id/Attraction_Review-g297710-d4367540-Reviews-or50-Goa_Cina_Beach-Malang_East_Java_Java.html","Pantai ini terletak di sepanjang tepi pantai terkenal di malang dengan lainnya, hanya belok kanan ketika anda memasukkan SendangBiru tentang pantai, kemudian belok kiri ke beberapa kualitas yang lebih rendah, dengan jelas tanda-tanda jalan. Pantai ini memiliki pasir putih yang panjang, ombak besar untuk menonton...Selengkapnya"
"1523266842-1058","https://www.tripadvisor.co.id/Attraction_Review-g297710-d4367540-Reviews-or50-Goa_Cina_Beach-Malang_East_Java_Java.html","Berangkat dari kota Malang menuju pantai ini lumayan jauh, sekitar 2-3 jam perjalanan. Sebaiknya berangkat dan pulang di saat terang. Pantainya indah banget, masih belum banyak tersentuh tangan manusia. Semoga pengunjung bisa selalu menjaga kebersihannya."
"1523266842-1284","https://www.tripadvisor.co.id/Attraction_Review-g297710-d4367540-Reviews-or50-Goa_Cina_Beach-Malang_East_Java_Java.html","bagus perjalanan dari kota malang ke goa cina, begitu banyak pemandangan yang indah, kami dapat melihat pemandangan yang indah di atas bukit dan turun bukit... butuh waktu 3 jam dengan sepeda motor, dan untuk menyarankan, jangan menggunakan gps untuk pergi ke pantai, hanya mengikuti perjalanan...Selengkapnya"
"1523266842-1234","https://www.tripadvisor.co.id/Attraction_Review-g297710-d4367540-Reviews-or50-Goa_Cina_Beach-Malang_East_Java_Java.html","Pantai Goa Cina berada di wilayah kabupaten Malang letaknya berdekatan dengan pantai Sendang Biru. Jarak dengan pantai Sendang Biru sekitar 6 KM ke arah barat, tepatnya berada di dusun Trowotratih, Desa Sitiarjo, Kecamatan Sumbermanjing Wetan, Kabupaten Malang.
Keistimewaan pantai Goa Cina ini adalah pemandangan alamnya...Selengkapnya"
"1523266842-1217","https://www.tripadvisor.co.id/Attraction_Review-g297710-d4367540-Reviews-or50-Goa_Cina_Beach-Malang_East_Java_Java.html","pantai Goa Cina yang bertempat di Malang bagian selatan memang dikenal memiliki keindahan alam yang sangat luar biasa. meskipun perjalanan menuju kesana harus ditempuh dengan medan yang sulit, akan tetapi jikalau sudah sampai kalian akan merasakan sesnsasi yang luar bisasa karena semua perjuangan yang telah...Selengkapnya"
"1523266842-1176","https://www.tripadvisor.co.id/Attraction_Review-g297710-d4367540-Reviews-or50-Goa_Cina_Beach-Malang_East_Java_Java.html","Pantai yang indah hampir sama dengan papuma ....anda akan di manjakan oleh indahnya menara menara karang...dan lokasi ini berdekatan dengan pulau sempu dan desa sendang biru tempat yang indah.meski masih bersifat konservasi"
"1523266842-1082","https://www.tripadvisor.co.id/Attraction_Review-g297710-d4367540-Reviews-or50-Goa_Cina_Beach-Malang_East_Java_Java.html","Sekarang udah banyak wisatawan yg ke malang tau cantiknya goa cina. Termasuk saya, stlh dpt referensi dari driver yang asli malang..
Emang bener cantik bangettttt pantainya... namanya pantai ya isinya laut.. seperti berlibur ke bali,.."
"1523266842-1249","https://www.tripadvisor.co.id/Attraction_Review-g297710-d4367540-Reviews-or50-Goa_Cina_Beach-Malang_East_Java_Java.html","Pantai yang bersih dan tidak terlalu sibuk ketika anda mempertimbangkan untuk istirahat yang tenang di matahari dan pasir."
"1523266842-1138","https://www.tripadvisor.co.id/Attraction_Review-g297710-d4367540-Reviews-or50-Goa_Cina_Beach-Malang_East_Java_Java.html","Pasirnya lembut dan bersih airnya jernih main main ombak cukup menyenangkan. Pantainya bersih akses mudah karena jalannya sudah di aspal dan cukup lebar mini bus sudah bisa masuk"
"1523266842-1260","https://www.tripadvisor.co.id/Attraction_Review-g297710-d4367540-Reviews-or50-Goa_Cina_Beach-Malang_East_Java_Java.html","Bawalah tenda anda sendiri jika anda ingin menginap, jika tidak mereka akan menagih anda untuk sebuah kamar tanpa IDR 200,000 IDR 150,000 untuk listrik dan sebuah tenda.
ini akan menjadi penuh sesak pada hari minggu pagi, ada orang-orang yang akan bermain di banyak toko-toko sehior...Selengkapnya"
"1523266842-1236","https://www.tripadvisor.co.id/Attraction_Review-g297710-d4367540-Reviews-or50-Goa_Cina_Beach-Malang_East_Java_Java.html","Pantai ini tidak kalah menarik dengan pantai-pantai yang ada di Malang. Pantai yang masih sepi pengunjung ini masih bersih. Suasananya sangat cocok untuk refreshing, melepas penat."
"1523266842-1066","https://www.tripadvisor.co.id/Attraction_Review-g297710-d4367540-Reviews-or50-Goa_Cina_Beach-Malang_East_Java_Java.html","Pantai goa cina cocok buat ngerefresh pikiran suasan santai ini memang benar pantai keren banget buat yang pengen mantai daerah malang inin rekomendasi banget deh pokonya"
"1523266842-1070","https://www.tripadvisor.co.id/Attraction_Review-g297710-d4367540-Reviews-or50-Goa_Cina_Beach-Malang_East_Java_Java.html","Tempat yang nyaman dan menyenangkan untuk liburan,gak nyesel menempuh perjalanan jauh dari Surabaya,tempat asik & yg berjualan juga banyak,ini sudah ke 3x saya liburan kesini"
"1523266842-1255","https://www.tripadvisor.co.id/Attraction_Review-g297710-d4367540-Reviews-or50-Goa_Cina_Beach-Malang_East_Java_Java.html","Itu mengatakan bahwa ada pria cina yang tinggal di dalam gua. Pantai adalah bagus. Ada dua bagian pantai. Satu bagian dengan lembut pasir. Bagian lain dengan pasir kasar karena banyak kulit kerang laut."
"1523266842-1064","https://www.tripadvisor.co.id/Attraction_Review-g297710-d4367540-Reviews-or50-Goa_Cina_Beach-Malang_East_Java_Java.html","untuk menuju ke pantai ini memang butuh perjuangan karena jalannya yang masih makadam alias belum beraspal dan sempit, tapi setelah sampai di tujuan terbayar sudah sama cantiknya pantai ini .... sejuk, tenang, damai, indah, alami, candu banget nich pantai, kapan2 main sini ya kawan ....."
"1523266842-1093","https://www.tripadvisor.co.id/Attraction_Review-g297710-d4367540-Reviews-or50-Goa_Cina_Beach-Malang_East_Java_Java.html","Medan kesana nya susahhhh,,,harus mobil yang bener bener kuatt...
Tapi begitu loe nyampeee..
This is vitamin-sea...
Cantikkk bangettt"
"1523266842-1116","https://www.tripadvisor.co.id/Attraction_Review-g297710-d4367540-Reviews-or50-Goa_Cina_Beach-Malang_East_Java_Java.html","Pantainya biru masih jernih
Tempatnya juga masih asri
Terdapat toilet dan tempat makan
Bisa buat camping bagi yang suka camping.
Bisa berlama lama menikmati panorama alam, laut dan karang karang di tepian laut, ada situs gua dulu buat pertapa cina. Bisa di lihat juga. Wahh...Selengkapnya"
"1523266842-1137","https://www.tripadvisor.co.id/Attraction_Review-g297710-d4367540-Reviews-or50-Goa_Cina_Beach-Malang_East_Java_Java.html","Pemandangan yg indah lengkap dengan pasir pantai yg putih dan masih bersih..tapi kalau main air ke tengah pantai harus berhati2 karena pijakannya adalah batu karang yg berlumut sehibgga sangat licin.."
"1523266842-1241","https://www.tripadvisor.co.id/Attraction_Review-g297710-d4367540-Reviews-or50-Goa_Cina_Beach-Malang_East_Java_Java.html","pantai yang bagus, dengan pemandangan yang indah, tapi itu terlalu ramai jadi kami dapat menikmatinya banyak.
coba es kelapa, dan piknik di pantai. sedikit panas.
cukup jauh dari Malang"
"1523266842-1226","https://www.tripadvisor.co.id/Attraction_Review-g297710-d4367540-Reviews-or50-Goa_Cina_Beach-Malang_East_Java_Java.html","Memang jalan masuk ke area ini belum mulus - masih makadam. Tapi saat sudah sampai di depan pantainya, semua akan terbayar dengan keindahannya. Apalagi foto dari atas, di dekat Goa. pemandanangannya wow deh ...."
"1523266842-1080","https://www.tripadvisor.co.id/Attraction_Review-g297710-d4367540-Reviews-or50-Goa_Cina_Beach-Malang_East_Java_Java.html","Kesalahan terbesar adalah camping di saat musim hujan. Pas lagi kepengen camping di pantai dan ternyata saya dan teman2 adalah satu2nya yg mendirikan tenda. Hujan lebat dan angin kencang merobohkan tenda kami.
But actually this is a nice beach. Bagus buat santai2 main di tepiannya,...Selengkapnya"
"1523266842-1162","https://www.tripadvisor.co.id/Attraction_Review-g297710-d4367540-Reviews-or50-Goa_Cina_Beach-Malang_East_Java_Java.html","saat tahun baru lalu kami pegi ke pantai ini, pantainya luas, pasirnya tebal enak buat main dan ada guanya, sayang sekali kebersihan-nya kurang, banyak sampah, perlu ditambah tempat sampah dan petugas kebersihan"
"1523266842-1079","https://www.tripadvisor.co.id/Attraction_Review-g297710-d4367540-Reviews-or50-Goa_Cina_Beach-Malang_East_Java_Java.html","untuk mencapai ke goa cina ada baiknya kamu menyewa motor, karena untuk akses ke pantainya susah dijangkau, dan banyak jalanan curam. memang banyak yang menawarkan seperti angkot atau ojek, tapi mereka hanya memberi akses ke atas sedangkan untuk turun kembali sangat susah mencari kendaraan, tapi...Selengkapnya"
"1523266842-1175","https://www.tripadvisor.co.id/Attraction_Review-g297710-d4367540-Reviews-or50-Goa_Cina_Beach-Malang_East_Java_Java.html","Pantai di daerah sumbermanjing ini memiliki pasir yang putih dan halus. Pemandangan laut selatan dengan ombaknya selalu menjadi nomor satu. Ada beberapa bukit karang ditengah lautnya yang menambah keindahan. Sembari menkmati indahnya laut bisa juga menyantap ikan bakar yang dijual di pinggiran."
"1523266842-1061","https://www.tripadvisor.co.id/Attraction_Review-g297710-d4367540-Reviews-or50-Goa_Cina_Beach-Malang_East_Java_Java.html","Saya sampai di pantai goa cina sudah sore, sehingga tidak ada sunset. Namun untuk suasana pantainya saya sangat suka, karena di tengah-tengah terdapat beberapa batu-batu & ombak di pantai ini pun cukup besar, anginnya terasa sangat sejuk,
Namun untuk kesini cukup jauh dari kota Malang,...Selengkapnya"
"1523266842-1235","https://www.tripadvisor.co.id/Attraction_Review-g297710-d4367540-Reviews-or50-Goa_Cina_Beach-Malang_East_Java_Java.html","Pantai ini merupakan salah satu yang dikelola perhutani yang masih sederhana. walau begitu perjalanan ke sana tidaklah sesederhana. satu jalan dengan beberapa gugusan pantai seperti ketika ke pantai sendang biru dan bajul mati, hanya plakat kecil penuntun jalan dan akses jalan berbatu. saya sarankan bawa...Selengkapnya"
"1523266842-1282","https://www.tripadvisor.co.id/Attraction_Review-g297710-d4367540-Reviews-or50-Goa_Cina_Beach-Malang_East_Java_Java.html","Tidak banyak turis yang tahu tentang hal ini. Jauh dari kota. tidak tercemar. Hanya dingin. Alam di tempat pembuatan yang luar biasa. Layak, indah, bersemangat."
"1523266842-1062","https://www.tripadvisor.co.id/Attraction_Review-g297710-d4367540-Reviews-or50-Goa_Cina_Beach-Malang_East_Java_Java.html","sekitar tahun 2012 pantai ini masih belum banyak dikunjungi orang tapi sekarang pantai ini sudah sangat ramai & dibangun beberapa fasilitas yang lengkap. walau begitu keindahannya tidak berkurang. saat pasang akan terlihat ombak yang cukup besar, air laut biru kehijauan, dan pasirnya yang putih. sangat...Selengkapnya"
"1523266842-1185","https://www.tripadvisor.co.id/Attraction_Review-g297710-d4367540-Reviews-or50-Goa_Cina_Beach-Malang_East_Java_Java.html","Pantai nya bagus, kalo datang sorean aja jadi rada sepi. Kalo week end pagi atau siang rame banget sekarang. Banyak yg jual makanan juga, kalau mau menginap ada persewaan tenda"
"1523266842-1195","https://www.tripadvisor.co.id/Attraction_Review-g297710-d4367540-Reviews-or50-Goa_Cina_Beach-Malang_East_Java_Java.html","Saya kesini tgl 12 mei 2015 dgn teman2 18 org , akses jalannya rusak parah, papan penunjuk jalannya masih sedikit, ketika di pintu masuk saya bayar per orang nya 5000 lumayan murah sih cuma fasilitas belum memadai, saya singgah di RM pak sulung posisi paling...Selengkapnya"
"1523266842-1180","https://www.tripadvisor.co.id/Attraction_Review-g297710-d4367540-Reviews-or50-Goa_Cina_Beach-Malang_East_Java_Java.html","dua kali saya kesini tidak ada bosan-bosannya, karena melihat pantai yang jernih dengan air berarna biru tosca dan pasir yang puti, itu adalah perpaduan yang sungguh luar biasa. meski perjalanan membutuhkan 3-4 jam dari surabaya, akan terbayar dengan keindahan pantai yang cantik membuat kepenatan seketika...Selengkapnya"
"1523266842-1071","https://www.tripadvisor.co.id/Attraction_Review-g297710-d4367540-Reviews-or50-Goa_Cina_Beach-Malang_East_Java_Java.html","Pantai goa cina ini aksesnya cukup mudah tapi menempuh waktu yang lama sekitar 3jam dengan mobil. Waktu kesana kondisi pantai ramai pengunjung dan dipinggir pantai penuh dengan tenda-tenda perkemahan"
"1523266842-1200","https://www.tripadvisor.co.id/Attraction_Review-g297710-d4367540-Reviews-or50-Goa_Cina_Beach-Malang_East_Java_Java.html","Pantai ini sangat bagus dan sangat mempesona karena masih alami dan pasirnya putih bersih ini perlu di pertahankan kebersihaannya, kalau di bandingkan pantai-pantai yang lain yang ada di selatan kota malang ini hamya akses masuk kepantai perlu di perlebar jalannya"
"1523266842-1257","https://www.tripadvisor.co.id/Attraction_Review-g297710-d4367540-Reviews-or50-Goa_Cina_Beach-Malang_East_Java_Java.html","jika anda memiliki kesempatan untuk mengunjungi di malang, pantai goa anda harus mengunjungi cina. Tidak begitu besar tetapi itu adalah tempat yang bagus untuk menikmati keindahan alam. Itu adalah kombinasi indah dengan gunung dan laut yang membuat anda menjadi satu sama..."
"1523266842-1171","https://www.tripadvisor.co.id/Attraction_Review-g297710-d4367540-Reviews-or50-Goa_Cina_Beach-Malang_East_Java_Java.html","lokasi akses masuk sekarang cukup mudah, sudah ada jalan rata. tempat ini sangat cocok untuk wisata keluarga, pasir dan pantainya bersih, namun jangan sekali kali mandi, masih banyak karang tajam. tempat ini juga cocok untuk berkemah dan touring motor. ada karang bolong yang konon pernah...Selengkapnya"
"1523266842-1096","https://www.tripadvisor.co.id/Attraction_Review-g297710-d4367540-Reviews-or50-Goa_Cina_Beach-Malang_East_Java_Java.html","2x kesana selalu ombak lagi besar, lebih baik kesini hanya untuk menikmati pemandangan saja karna ombak sangat bahaya, perjalanan kesini masih belum bagus, dan perjalan kesini sangat sangat jauh."
"1523266842-1065","https://www.tripadvisor.co.id/Attraction_Review-g297710-d4367540-Reviews-or50-Goa_Cina_Beach-Malang_East_Java_Java.html","Lebih baik kesini saat menjelang sore hari. Karna sunset nya indah banget.. 😊
Meski menempuh perjalanan yg melelahkan namun akan terbayar saat sampai ketempat ini.. Ajak keluarga agar liburan lebih seru.."
"1523266842-1150","https://www.tripadvisor.co.id/Attraction_Review-g297710-d4367540-Reviews-or50-Goa_Cina_Beach-Malang_East_Java_Java.html","Untuk dapat mencapai lokasi ini diperlukan waktu kurang lebih 2 jam berkendara. Tidak sia-sia menempuh perjalanan jauh karen lelahnya langsung terbayar dengan pantai berpasir putih yang sangat indah. Belum terlalu banyak wisatawan sehingga pantainya relatif bersih. Dinamakan pantai Goa Cina karena di pantai tersebut terdapat...Selengkapnya"
"1523266842-1168","https://www.tripadvisor.co.id/Attraction_Review-g297710-d4367540-Reviews-or50-Goa_Cina_Beach-Malang_East_Java_Java.html","Pantai Goa Cina ini sangatlah indah. Pengunjungnya banyak. Ada yang membuat istana pasir, berenang, berfoto di Goa Cina, piknik, dan ada juga yang mendirikan tenda untuk camping. Di sana, pemandangannya sangat indah. Terdapat pulau-pulau kecil dan tak berpenghuni di tengah-tengahnya. Tapi sayangnya , pantai ini...Selengkapnya"
"1523266842-1204","https://www.tripadvisor.co.id/Attraction_Review-g297710-d4367540-Reviews-or50-Goa_Cina_Beach-Malang_East_Java_Java.html","Pantainya cantik,hanya akses jalan kepantainya buruk.untuk fasilitas umumnya udah lumayan bersih.seharusnya ditambahin tempat untuk nginap...walaupun ada penyewaan tenda bagi pengunjung yang mau berkemah."
"1523266842-1123","https://www.tripadvisor.co.id/Attraction_Review-g297710-d4367540-Reviews-or50-Goa_Cina_Beach-Malang_East_Java_Java.html","Goa Cina
Dulu salah satu tempat spot foto pantai terbaik anak muda surabaya atau jawa timur
Sekarang menjadi rujukan tempat rekreasi keluarga
sehingga banyak orang berualan disekitarnya dan sangatlah ramai
So, semoga ulasan ini membantu teman teman jika ingin memutuskan untuk ke pantai"
"1523266842-1097","https://www.tripadvisor.co.id/Attraction_Review-g297710-d4367540-Reviews-or50-Goa_Cina_Beach-Malang_East_Java_Java.html","Menyusuri destinasi wisata Kota Malang seakan tidak ada habisnya.
Pantai Goa Cina, adalah salah satu destinasi wisata pantai yang sangat menakjubkan di Kota Malang.
Birunya air laut dengan hembusan angin yang lembut serta deburan ombak yang cukup keras silih berganti adalah menjadi daya tarik Pantai...Selengkapnya"
"1523266842-1263","https://www.tripadvisor.co.id/Attraction_Review-g297710-d4367540-Reviews-or50-Goa_Cina_Beach-Malang_East_Java_Java.html","Menurut pendapat saya, ini adalah salah satu pantai tercantik di malang di antara pantai lainnya, seperti Balekambang, kamarnya sangat biru, dll."
"1523266842-1122","https://www.tripadvisor.co.id/Attraction_Review-g297710-d4367540-Reviews-or50-Goa_Cina_Beach-Malang_East_Java_Java.html","sekitar tahun 2012 pantai ini masih belum banyak dikunjungi orang tapi sekarang pantai ini sudah sangat ramai & dibangun beberapa fasilitas yang lengkap. walau begitu keindahannya tidak berkurang. saat pasang akan terlihat ombak yang cukup besar, air laut biru kehijauan, dan pasirnya yang putih. sangat...Selengkapnya"
"1523266842-1248","https://www.tripadvisor.co.id/Attraction_Review-g297710-d4367540-Reviews-or50-Goa_Cina_Beach-Malang_East_Java_Java.html","Pantai Goa Cina merupakan salah satu yang terbaik di pantai selatan Malang. Tinggal sampai matahari terbenam untuk menikmati pemandangan spektakuler di bidang fotografi. Menyewakan mobil dengan sopir lokal sebagai lalu lintas dapat menjadi tantangan."
"1523266842-1258","https://www.tripadvisor.co.id/Attraction_Review-g297710-d4367540-Reviews-or50-Goa_Cina_Beach-Malang_East_Java_Java.html","Saya percaya saya telah tentang pantai ini. Tapi, biarkan saya memberitahu anda bahwa pantai ini salah satu pantai terindah di malang. Walaupun garis pantai sangat sempit, tapi pemandangannya sangat bagus. Cinta untuk mengunjungi lagi kadang-kadang."
"1523266842-1109","https://www.tripadvisor.co.id/Attraction_Review-g297710-d4367540-Reviews-or50-Goa_Cina_Beach-Malang_East_Java_Java.html","Wisata pantai yg sangat cocok untuk keluarga.pantai ini terletak berdekatan dengan pantai bajul mati dan pantai bale kambang.pantai goa cina mengandung legenda yg sangat kental dengan pertapa orang cina."
"1523266842-1161","https://www.tripadvisor.co.id/Attraction_Review-g297710-d4367540-Reviews-or50-Goa_Cina_Beach-Malang_East_Java_Java.html","akses ke Goa Cina agak dikit ribet, maksudanya jalannya tidak bagus-bagus banget sih.....tapi begitu mata ketemu pantai, kebayar deh lelahnya perjalanan
hamparan pasir dan batu-batu karang masih bisa ditemukan disini
sayangnya di sini kurang begitu teduh, panas
pepohonan tidak serindang di Pantai Kondang Merak
tapi...Selengkapnya"
"1523266842-1203","https://www.tripadvisor.co.id/Attraction_Review-g297710-d4367540-Reviews-or50-Goa_Cina_Beach-Malang_East_Java_Java.html","pantai yg terletak di ujung malang ini sangat bagus ,ombaknya besar ,pasirnya putih ,setelah melihat ombak yg menderu-deru membuat hati kita menjadi tenang .ada batu-batu besar seperti pantai di belitung"
"1523266842-1160","https://www.tripadvisor.co.id/Attraction_Review-g297710-d4367540-Reviews-or50-Goa_Cina_Beach-Malang_East_Java_Java.html","di pertengahan tahun kemarin , kita berkunjung di suatu pantai di malang selatan, tujuan kita goa cina , akses jalan menuju lokasi memang kurang mulus , tapi setelah kita tiba di pantai , kita langsung mandi di pantai yang jernih , dan ada ombak di...Selengkapnya"
"1523266842-1173","https://www.tripadvisor.co.id/Attraction_Review-g297710-d4367540-Reviews-or50-Goa_Cina_Beach-Malang_East_Java_Java.html","Pantai ini sebenarnya indah sayang akses kesini masih jalan berbatu. Tidak ada fasilitas di pantai ini hanya ada beberapa warung"
"1523266842-1105","https://www.tripadvisor.co.id/Attraction_Review-g297710-d4367540-Reviews-or50-Goa_Cina_Beach-Malang_East_Java_Java.html","Pantai yg bagus dan bersih, senang berlibur ke malang. banyaknya tempat wisata dimalang membuat kota ini berbenah jd lebih maju,"
"1523266842-1280","https://www.tripadvisor.co.id/Attraction_Review-g297710-d4367540-Reviews-or50-Goa_Cina_Beach-Malang_East_Java_Java.html","Tidak banyak orang yang tahu tentang ini tempat yang tersembunyi. Di samping itu indah dan tenang, pemandangan, tempat ini memiliki nilai sejarah juga tentang cave. Anda dapat membaca kisah ini di prasasti di depan gua. Ps: Anda harus menyewa pengemudi yang baik untuk mendapatkan di...Selengkapnya"
"1523266842-1202","https://www.tripadvisor.co.id/Attraction_Review-g297710-d4367540-Reviews-or50-Goa_Cina_Beach-Malang_East_Java_Java.html","tidak ada yang sepesial kecuali sebuag tebing dengan goa ditengahnya,tapi goa juga tidak terlalu besar cukup unik,jalan rusak(belum diaspal)"
"1523266842-1181","https://www.tripadvisor.co.id/Attraction_Review-g297710-d4367540-Reviews-or50-Goa_Cina_Beach-Malang_East_Java_Java.html","tahun lalu saya pergi ke pantai ini dengan keluarga saya. pantainya keren sih, dan ada dua bagian pantai yang terpisahkan oleh sebongkah batu sangat besar yang ternyata ada goa di dalamnya. kenapa disebut goa china? konon katanya, goa tersebut dipergunakan tentara-tentara china untuk bersembunyi dari...Selengkapnya"
"1523266842-1151","https://www.tripadvisor.co.id/Attraction_Review-g297710-d4367540-Reviews-or50-Goa_Cina_Beach-Malang_East_Java_Java.html","Butuh perjuangan sekali untuk pergi ke pantai satu ini. Jalannya yang berkelok-kelok dan jauh dari kota malang. Tetapi setelah sampai di tempat ini pemandangannya sangat bagus. Pantainya cantik. harga tiket masuknya 5000. Parkir motor 5000."
"1523266842-1157","https://www.tripadvisor.co.id/Attraction_Review-g297710-d4367540-Reviews-or50-Goa_Cina_Beach-Malang_East_Java_Java.html","Udah 2 kali saya berkunjung disini,mesti kalau keluarga ke malang pasti ngajak ke pantai
Dan tidak ada bosen-bosennya,,,
Sayang yach tempatya kotor, dan area parkirnya yg lumayan jauh dari loksi"
"1523266842-1221","https://www.tripadvisor.co.id/Attraction_Review-g297710-d4367540-Reviews-or50-Goa_Cina_Beach-Malang_East_Java_Java.html","Pantai yg terletak dimalang selatan ini sangat indah sekali. Bisa dibuat renang dng aman karena ombak yg kecil disebakan terhalang oleh karang yg besar dng air yg jernih . Tapi sangat disayangkan untuk akses jalan masuknya ke pantai sepanjang 1km masih belum beraspal . Jalan...Selengkapnya"
"1523266842-1073","https://www.tripadvisor.co.id/Attraction_Review-g297710-d4367540-Reviews-or50-Goa_Cina_Beach-Malang_East_Java_Java.html","Salah satu surga tersembunyi di Kabupaten malang bagian selatan, sebenarnya awalnya niat nya ke balekambang, eh malah nyasar kesini, tapi pantai nya bagus kok, gak nyesel"
"1523266842-1106","https://www.tripadvisor.co.id/Attraction_Review-g297710-d4367540-Reviews-or50-Goa_Cina_Beach-Malang_East_Java_Java.html","Perjalanan jauh, melawan jalanan berbatu tidak akan terasa lelah setelah sampai disini. Pantai goa china merupakan salah satu pantai eksotis di Malang yang wajib dikunjungi. Ombak yang selalu datang menyapa pengunjung membuat kita selalu ingin kembali kesini. apalagi waktu saya kesini pengunjung yang datang hanya...Selengkapnya"
"1523266842-1279","https://www.tripadvisor.co.id/Attraction_Review-g297710-d4367540-Reviews-or50-Goa_Cina_Beach-Malang_East_Java_Java.html","Ketika saya dibawa ke pantai ini. Saya tidak mengharapkan apa yang saya ingin melihat. Apa pemandangan menakjubkan yang dikelilingi oleh pantai berpasir dan dua raksasa swhite rock hills membagi air di tengah-tengah. Air jernih berwarna biru hijau dari lereng ke air biru yang indah yang...Selengkapnya"
"1523266842-1264","https://www.tripadvisor.co.id/Attraction_Review-g297710-d4367540-Reviews-or50-Goa_Cina_Beach-Malang_East_Java_Java.html","Tempat ini memiliki pemandangan yang indah dan laut. Di area ini, sangat direkomendasikan untuk menikmati pemandangan ombak. Goa di caffe cino menyajikan kepada anda pengalaman yang akan membayangkan bagaimana sendirian dan mawas diri sendiri di antara suara ombak."
"1523266842-1072","https://www.tripadvisor.co.id/Attraction_Review-g297710-d4367540-Reviews-or50-Goa_Cina_Beach-Malang_East_Java_Java.html","gak sengaja mampir. bagus buat foto foto. air tawar dan MCK juga bagus.ada mushalla juga. haya JANGAN BERENANG ya. pantai berbahaya"
"1523266842-1184","https://www.tripadvisor.co.id/Attraction_Review-g297710-d4367540-Reviews-or50-Goa_Cina_Beach-Malang_East_Java_Java.html","merupakan salah satu pantai yang berada di malang selatan. mungkin anda sedikit bertanya dengan nama goa china, karena memang disana terdapat goa peninggalan kaum china di tempat tersebut. menjadikan pantai itu diberi nama goa china"
"1523266842-1206","https://www.tripadvisor.co.id/Attraction_Review-g297710-d4367540-Reviews-or50-Goa_Cina_Beach-Malang_East_Java_Java.html","kalau anda mau kesana mungkin bisa prepare waktu 2-3jam untuk perjalanan dari kota malang...lebih baik saat musim panas agar tidak kecewa kena hujan saat menikmati pantai"
"1523266842-1196","https://www.tripadvisor.co.id/Attraction_Review-g297710-d4367540-Reviews-or50-Goa_Cina_Beach-Malang_East_Java_Java.html","Pantai yang sangat indah dan bersih, masih terasa alami, karena masih belum ada penjual makanan, sehingga pantainya masih terlihat indah dan bersih."
"1523266842-1139","https://www.tripadvisor.co.id/Attraction_Review-g297710-d4367540-Reviews-or50-Goa_Cina_Beach-Malang_East_Java_Java.html","Untuk menuju ke Goa Cina, dari malang menuju ke selatan ke arah Dampit, terus ke selatan untuk petunjuk arah di lokasi sudah ada. perkiraan perjalanan kalau lancar 3-4 jam sampai ke lokasi (Goa Cina). sebelum ke arah Goa Cina kita bisa menuju tempat yang tidak...Selengkapnya"
"1523266842-1194","https://www.tripadvisor.co.id/Attraction_Review-g297710-d4367540-Reviews-or50-Goa_Cina_Beach-Malang_East_Java_Java.html","Jalan masuk ke lokasi Pantai Goa Cina masih makadam, berdebu dan sempit. Pantainya kurang cocok untuk berenang karena pada musim tertentu ombak menjadi besar. Bawalah air minum secukupnya. Awasi anak-anak jika bermain di pantai"
"1523266842-1092","https://www.tripadvisor.co.id/Attraction_Review-g297710-d4367540-Reviews-or50-Goa_Cina_Beach-Malang_East_Java_Java.html","Pantai Gua Cina belum ada lima tahun dibuka untuk umum. Keadaannya terkesan seadanya. fasilitasnya hanya warung 2 ditepi pantai. pantai dan sekitarnya kotor banyak sampah pengunjung. pengunjung lokal dan pengelola pemerintah, keduanya tidak mempunyai kesadaran tinggi akan keindahan dan sustainability lingkungan. tidak lama akan berkembang...Selengkapnya"
"1523266842-1268","https://www.tripadvisor.co.id/Attraction_Review-g297710-d4367540-Reviews-or50-Goa_Cina_Beach-Malang_East_Java_Java.html","pantai cukup bagus tapi jika anda pergi ke sana, anda akan menemukan banyak plastik di sekitar pantai."
"1523266842-1247","https://www.tripadvisor.co.id/Attraction_Review-g297710-d4367540-Reviews-or50-Goa_Cina_Beach-Malang_East_Java_Java.html","pantai Goa Cina merupakan salah satu pantai yang menarik di kota Malang. warna biru dan ombak seais sangat cukup besar, daya tarik utama Pantai ini.
karena ombak yang besar, kami dilarang untuk berenang di sekitar pantai. tapi secara keseluruhan sangat baik untuk pantai Goa Cina."
"1523266842-1266","https://www.tripadvisor.co.id/Attraction_Review-g297710-d4367540-Reviews-or50-Goa_Cina_Beach-Malang_East_Java_Java.html","Untuk mencapai pantai sekitar 2,5 jam yang anda butuhkan dari malang kota dengan mobil. Terletak di dekat pantai Sendangbiru, pulau Sempu, dan pantai Bajul Mati. Pantai goa Cina menawarkan pemandangan luar biasa dari laut yang jernih dan pasir. Pengunjung tidak diperbolehkan untuk berenang di sana...Selengkapnya"
"1523266842-1136","https://www.tripadvisor.co.id/Attraction_Review-g297710-d4367540-Reviews-or50-Goa_Cina_Beach-Malang_East_Java_Java.html","Pantai ini bersih dan banyak terdapat spot menarik untuk berfoto. Ada satu gua yang merupakan nama dari pantai ini yang dulunya dipakai bertapa oleh seorang petapa Cina. Terdapat sedikit cerita sejarah di pintu masuk pantai ini. Karena berhadapan dengan Samudera Indonesia, ombaknya cukup tinggi. Infrastruktur...Selengkapnya"
"1523266842-1127","https://www.tripadvisor.co.id/Attraction_Review-g297710-d4367540-Reviews-or50-Goa_Cina_Beach-Malang_East_Java_Java.html","perjalanan dari malang membutuhkan waktu 4jam,banyak warga yang belum mengetahui arah ke pantai ini (bahkan belum mendengar nama pantai ini).saran saya apabila anda dari malang ambil arah ke kepanjen terus cari petunjuk arah ke turen terus ke pantai sendang biru.pantai goa cina berada setelah pantai...Selengkapnya"
"1523266842-1276","https://www.tripadvisor.co.id/Attraction_Review-g297710-d4367540-Reviews-or50-Goa_Cina_Beach-Malang_East_Java_Java.html","Pantai ini terletak di selatan kota malang. Dekat Pantai Balekambang. Anda dapat pergi ke tempat ini dengan mobil atau sepeda motor untuk 2 5 jam dari malang. Ati-ati karena cara yang anda dapatkan adalah tidak melelas banyakgunanya dan jalan tidak baik. Tapi setelah anda sampai...Selengkapnya"
"1523266842-1159","https://www.tripadvisor.co.id/Attraction_Review-g297710-d4367540-Reviews-or50-Goa_Cina_Beach-Malang_East_Java_Java.html","Sedih melihatnya, pemandangan pantai yang indah mulai tercemar dengan sampah pengunjung.
Karena saya berkunjung setelah liburan tahun baru berakhir, jadi situasinya sangat sepi. Mudah mencari tempat parkir atau cottage untuk beristirahat dgn keluarga.
Terdapat 3 pantai lagi di seputaran gua cina. Disarankan berkunjung agak sedikit...Selengkapnya"
"1523266842-1233","https://www.tripadvisor.co.id/Attraction_Review-g297710-d4367540-Reviews-or50-Goa_Cina_Beach-Malang_East_Java_Java.html","This is second time i went to goa cina ...gorgeous place beautifull one ... very clean with white sand..
jarak tempuh kalo dari kota Malang sekitar 2 - 3 jam , lebih baik lewat gadang ambil jalur ke sendang biru masuk ke dea sumber pucung,...Selengkapnya"
"1523266842-1113","https://www.tripadvisor.co.id/Attraction_Review-g297710-d4367540-Reviews-or50-Goa_Cina_Beach-Malang_East_Java_Java.html","pantainya sih lumayan bersih, akses jalan ke pantai sudah bagus ,hanya saja untuk akses ke goa nya harus diperbaiki lagi,supaya pengunjung lebih nyaman"
"1523266842-1262","https://www.tripadvisor.co.id/Attraction_Review-g297710-d4367540-Reviews-or50-Goa_Cina_Beach-Malang_East_Java_Java.html","Tidak layak perjalanan panjang dengan mereka semua jalan ke pantai buruk find.a ladah dan penuh dengan puntung rokok. plastik. Yang iocals memperusahakan untuk kotor sepanjang waktu
Selain itu tidak bisa berenang di sana
Baik-baik saja dengan pemandangan.
Maaf untuk menjadi jujur kurasa malang. harus. Memiliki...Selengkapnya"
"1523266842-1271","https://www.tripadvisor.co.id/Attraction_Review-g297710-d4367540-Reviews-or50-Goa_Cina_Beach-Malang_East_Java_Java.html","Berangkat dari surabaya - Malang - Dampit. Seluruh perjalanan membawa kami 5 jam tanpa lalu lintas. Saran untuk anda:
1. jangan pergi di akhir pekan. Lalu lintas akan membunuh anda. Kami kembali ke 13:00 dan tiba di surabaya pukul 22:00
Ulasan:
1. Anda dapat melihat...Selengkapnya"
"1523266842-1213","https://www.tripadvisor.co.id/Attraction_Review-g297710-d4367540-Reviews-or50-Goa_Cina_Beach-Malang_East_Java_Java.html","Seperti biasa, sangat disayangkan, kurang nya kesadaran untuk membuang sampah pada tempatnya, andaikan sampah seluruh pantai itu boleh saya kirimkan ke rumah anda.
so far, pantai sangat indah, di kelola oleh masyarakat setempat sepertinya. sebaiknya demikian.."
"1523266842-1215","https://www.tripadvisor.co.id/Attraction_Review-g297710-d4367540-Reviews-or50-Goa_Cina_Beach-Malang_East_Java_Java.html","Pertama kali datang mengunjungi pantai ini di tahun 2010, masih sangat sepi pengunjung, masih alami, dan belum dikenakan tarif apapun. Pantai masih sangat indah yang hanya diramaikan oleh sedikit nelayan dari warga sekitar. Dan beberapa tahun kemudian, saya berkunjung kembali ke pantai ini. Pengunjungnya semakin...Selengkapnya"
"1523266842-1084","https://www.tripadvisor.co.id/Attraction_Review-g297710-d4367540-Reviews-or50-Goa_Cina_Beach-Malang_East_Java_Java.html","Sempet kesana dengan rombongan Karimun Club region Malang, seru, cukup luas parkirannya, seafood nya enak&terjangkau, kamarmandi/toilet bersih, ombaknya besar, hati2 jika bawa anak kecil"
"1523266842-1143","https://www.tripadvisor.co.id/Attraction_Review-g297710-d4367540-Reviews-or50-Goa_Cina_Beach-Malang_East_Java_Java.html","Bingung juga karena baru pertama kali ke sini, plenga-plongo karena nyampe sini tengah malam.. hahaha nggak ada penginapan yang ada hanyalah deburan ombak dan tiba-tiba ada yang menawari tenda. akhirnya kita sewa tenda dan nginep di pantai.. keren banget suasananya gaiis.
besoknya muter-muter menyusuri indahnya...Selengkapnya"
"1523266842-1083","https://www.tripadvisor.co.id/Attraction_Review-g297710-d4367540-Reviews-or50-Goa_Cina_Beach-Malang_East_Java_Java.html","Waktu itu pengen banget kepantai . Akhirnnya di bawa sama pacar ku kesini . Tempatnnya asik dan juga jalanan menuju kesini juga ga terlalu sulit gampang untuk di lalui kendaraan bermotor/pun bermobil . Dan juga tempatnnya masih lumayan sepi tetapi sudah ada yang jual makanan...Selengkapnya"
"1523266842-1114","https://www.tripadvisor.co.id/Attraction_Review-g297710-d4367540-Reviews-or50-Goa_Cina_Beach-Malang_East_Java_Java.html","Jalur lintas menuju pantai sudah mulus, hanya saja akses menuju ke goa cina +/- 1km masih belum diperbaiki. Tapi sepanjang jalan anda akan dimanjakan dengan pemandangan pantai malang selatan yang cantik."
"1523266842-1156","https://www.tripadvisor.co.id/Attraction_Review-g297710-d4367540-Reviews-or50-Goa_Cina_Beach-Malang_East_Java_Java.html","Pantai goa cina, asal mulanya karena ada seorang pertapa dari cina yang bertapa dalam sebuah goa yang ada di pantai.... Kami menyempatkan diri untuk mampir kesini pada saat mengunjungi rute beberapa pantai di Malang Selatan.
Matahari terasa terik pada saat kami tiba disana, namun banyaknya...Selengkapnya"
"1523266842-1193","https://www.tripadvisor.co.id/Attraction_Review-g297710-d4367540-Reviews-or50-Goa_Cina_Beach-Malang_East_Java_Java.html","Pantai Indah dan menarik, fasilitas juga sudah memadai dengan adanya cottage untuk disewa, sayang aksesnya masih hancur."
"1523266842-1277","https://www.tripadvisor.co.id/Attraction_Review-g297710-d4367540-Reviews-or50-Goa_Cina_Beach-Malang_East_Java_Java.html","teman-teman indonesia saya membawa saya di sini setelah saya mengeluh, saya tidak pernah mengunjungi pantai yang bagus di sementara. Pemandangan indah tidak ramai, tapi biasanya terlalu kasar untuk berenang di laut. Semua dalam semua, hari yang baik perjalanan dari kota malang."
"1523266842-1085","https://www.tripadvisor.co.id/Attraction_Review-g297710-d4367540-Reviews-or50-Goa_Cina_Beach-Malang_East_Java_Java.html","letak nya jauj ke ujung mungkun karna perjalan ku dari surabaya kali ya, pantai nta masih bersih dan sepi"
"1523266842-1101","https://www.tripadvisor.co.id/Attraction_Review-g297710-d4367540-Reviews-or50-Goa_Cina_Beach-Malang_East_Java_Java.html","Wisata alam Malang memang tidak ada habisnya..pantai Goa cina terletak di jalur Lintas selatan Malang,dekat dengan pantai Bajul Mati,dan Balekambang"
"1523266842-1232","https://www.tripadvisor.co.id/Attraction_Review-g297710-d4367540-Reviews-or50-Goa_Cina_Beach-Malang_East_Java_Java.html","sangat menyenangkan mengunjungi Pantai Goa Cina ini. Pemandangan yang indah dari hamparan pulau-pulau kapur kecil, serta pasir putih yang begitu manis dilihat. Akses jalan menuju pantai ini memang masih belum memadai, namun cukup untuk kendaraan bermotor.
Saya pergi ke pantai ini melalui jalur tumpang kemudian...Selengkapnya"
"1523266842-1197","https://www.tripadvisor.co.id/Attraction_Review-g297710-d4367540-Reviews-or50-Goa_Cina_Beach-Malang_East_Java_Java.html","Belum lengkap rasanya ke pantai-pantai di Kabupaten Malang kalau belum ke Pantai goa Cina. Pantai dengan pemandangan yang sangat indah, hamparan laut dengan pulau-pulau kecil di sekelilingnya.
Apabila laut surut, kita bisa jalan-jalan sampai lebih dari 100 meter ke tengah laut. Sungguh pemandangan yang sangat...Selengkapnya"
"1523266842-1229","https://www.tripadvisor.co.id/Attraction_Review-g297710-d4367540-Reviews-or50-Goa_Cina_Beach-Malang_East_Java_Java.html","Pantai ini terletak 45km sebelah selatan kecamatan Turen Kab Malang, jalannya sendiri termasuk mulus karena jalannya satu jalur menuju ke tempat pelelangan ikian sendang biru akan tetapi ketika akan memasuki pantai kurang lebih 3km jalannya masih berbatu, untuk masuk ke pantainya sendiri disini dikenakan biaya...Selengkapnya"
"1523266842-1094","https://www.tripadvisor.co.id/Attraction_Review-g297710-d4367540-Reviews-or50-Goa_Cina_Beach-Malang_East_Java_Java.html","Ombak nya bagus banget... Besar... Soalnya kita yg maunya gk mandi jadi basah semua krn kena terjang ombak besar bgt. Ada pemandangan matahari terbenam nya meski cm dikit.. Tp dh tampak bagus di foto suami saya..
Rugi kl dh jalan2 ke banyak tempat tp blm...Selengkapnya"
"1523266842-1086","https://www.tripadvisor.co.id/Attraction_Review-g297710-d4367540-Reviews-or50-Goa_Cina_Beach-Malang_East_Java_Java.html","Pantainya keren bingit...Ngga kalah deh sama Bali...banyak spot Foto bagus jg buat yg hobby photography..."
"1523266842-1059","https://www.tripadvisor.co.id/Attraction_Review-g297710-d4367540-Reviews-or50-Goa_Cina_Beach-Malang_East_Java_Java.html","Mengunjungi pantai Goa Cina untuk acara team building kantor. Sekitar 2 jam perjalanan dari kota Batu. Akses ke sana cukup off road dan kebetulan saat saya kesana habis longsor dan dlm kondisi musim hujan, jadi jalanan sangat tidak mendukung. Kalau mobil anda city car, saya...Selengkapnya"
"1523266842-1128","https://www.tripadvisor.co.id/Attraction_Review-g297710-d4367540-Reviews-or50-Goa_Cina_Beach-Malang_East_Java_Java.html","Bagus buat berselancar karena ombak pantai selatan itu besar, bahaya buat keluarga untuk bersantai karena tiba2 ombak besar datang tak terduga"
"1523266842-1208","https://www.tripadvisor.co.id/Attraction_Review-g297710-d4367540-Reviews-or50-Goa_Cina_Beach-Malang_East_Java_Java.html","kemarin butuh 3 - 4 jam kesini , saat mau dekat denga pintu masuk jalannya sedang diperbaiki jadi harus ekstra hati hati. tempat parkir aman , Menginap (camp) juga aman . View laut bagus tapi ada sekidit karang , ombak lumayan besar jadi harus hati...Selengkapnya"
"1523266842-1077","https://www.tripadvisor.co.id/Attraction_Review-g297710-d4367540-Reviews-or50-Goa_Cina_Beach-Malang_East_Java_Java.html","Panorama pantainya bagus dengan beberapa batu karang besar yang terletak di pinggir pantai dan ditengah laut.
Pasirnya putih halus dan air lautnya bening kehijauan dan biru.
Ombaknya cukup besar sesuai karakter ombak laut selatan pulau jawa.
Tersedia beberapa gazebo untuk duduk bersama sekalian berteduh karena...Selengkapnya"
"1523266842-1245","https://www.tripadvisor.co.id/Attraction_Review-g297710-d4367540-Reviews-or50-Goa_Cina_Beach-Malang_East_Java_Java.html","anda tidak dapat berenang karena ombak sangat tinggi, kadang cuaca terlalu panas, Anda tidak dapat menemukan Guest House atau hotel di daerah ini jadi lebih baik mempersiapkan tenda Anda sendiri jika Anda ingin menginap"
"1523266842-1223","https://www.tripadvisor.co.id/Attraction_Review-g297710-d4367540-Reviews-or50-Goa_Cina_Beach-Malang_East_Java_Java.html","salah satu pantai selatan andalan kota malang... pantai ini punya keunikan tersendiri, tapi sangat disayangkan kemungkinan pengelolaan yang kurang, pantai ini agak kurang terawat seiiring dengan pengunjung yang cukup banyak... masalah sampah bisa jadi masalah utama di pantai ini... dengan peningkatan pengawasan masalah kebersihan, saya...Selengkapnya"
"1523266842-1166","https://www.tripadvisor.co.id/Attraction_Review-g297710-d4367540-Reviews-or50-Goa_Cina_Beach-Malang_East_Java_Java.html","sementara ini, ini pantai favorit saya di malang
bagus, masih bersih, pasirnya yang khas, warna air yang jernih dengan ombak yang lumayan, asik banget bisa main kesini"
"1523266842-1060","https://www.tripadvisor.co.id/Attraction_Review-g297710-d4367540-Reviews-or50-Goa_Cina_Beach-Malang_East_Java_Java.html","Pantai ini bagus dan bersih. cocok digunakan untuk prewedding. Kurang bisa digunakan untuk bermain karena ombak relatif tinggi jadi anda harus terus waspada."
"1523266842-1211","https://www.tripadvisor.co.id/Attraction_Review-g297710-d4367540-Reviews-or50-Goa_Cina_Beach-Malang_East_Java_Java.html","Salah satu dari sekian banyaknya pantai di Malang Selatan. Pantainya bagus. Tapi ombaknya cukup besar. Untuk menuju ke sini akses jalan sedikit berbatu mendekati pantainya. Tapi tidak susah kok menuju ke sana."
"1523266842-1154","https://www.tripadvisor.co.id/Attraction_Review-g297710-d4367540-Reviews-or50-Goa_Cina_Beach-Malang_East_Java_Java.html","Aku kesana sama temen-temen kantornya kakakku dalam rangka liburan kantor
Berangkat di malam hari naik mobil dan jalannya nggak bagus, saran kalau yg naik motor jangan berangkat malam
Pantainya lumayan banyak sampah :(
Sampah ranting dan plastik dimana-mana
Tapi bagus tempatnya buat foto-foto"
"1523266842-1110","https://www.tripadvisor.co.id/Attraction_Review-g297710-d4367540-Reviews-or50-Goa_Cina_Beach-Malang_East_Java_Java.html","Destinasi Wisata yang wajib dikunjungi di Wilayah Malang Selatan. Akses jalan dari kota ,menuju ke Pantai sudah halus dan cukup nyaman."
"1523266842-1275","https://www.tripadvisor.co.id/Attraction_Review-g297710-d4367540-Reviews-or50-Goa_Cina_Beach-Malang_East_Java_Java.html","Pantai goa Cina wajib saat anda datang di malang, kami butuh 2 5 jam mengemudi untuk pergi ke sana dari kota malang.
pandangan ini begitu indah - pilihan vegetarian - pasir putih pantai, tapi unfortunetaly banyak sampah di sekitar kawasan ini.
kolam renang adalah terlarang...Selengkapnya"
"1523266842-1250","https://www.tripadvisor.co.id/Attraction_Review-g297710-d4367540-Reviews-or50-Goa_Cina_Beach-Malang_East_Java_Java.html","Ini adalah salah satu tujuan paling populer di malang, tempat ini sangat panas saat matahari sangat tinggi, dan anda tidak dapat berenang karena ombak di sini sangat besar dan kuat. Pemandangan matahari terbit yang luar biasa."
